carat,cut_ord,clarity_ord,price,,
1.22,4,3,6989.26,11733522.76,8213465.932
1.01,2,5,5814.33,,8213465.932
0.71,3,5,3448.53,,
1.01,5,2,4926.63,,
0.27,5,6,517.01,,
0.52,4,4,1554.16,,
1.01,4,3,5222.53,,
0.59,5,3,1847.17,,
1.01,2,3,4906.33,,
2.03,5,2,13507.89,,
1.35,4,5,8990.95,,
0.74,5,3,3109.12,,
0.9,4,3,4297.1,,
0.3,2,5,-158.9,,
1.01,2,5,5814.33,,
1.02,2,2,4536.46,,
2.05,4,3,13972.05,,
0.54,5,3,1426.52,,
0.72,5,5,3848.86,,
2,4,2,13097.4,,
1.57,4,2,9479.81,,
0.89,4,3,4212.97,,
0.33,4,6,863.69,,
0.3,3,8,1361.2,,
1.79,3,5,12534.57,,
1.11,5,2,5767.93,,
0.79,4,3,3371.67,,
0.71,3,3,2540.53,,
0.73,5,3,3024.99,,
0.9,3,5,5047,,
1.31,2,4,7884.23,,
1.01,5,2,4926.63,,
0.35,4,3,-330.05,,
0.41,4,5,1082.73,,
0.32,4,5,325.56,,
0.38,5,4,534.44,,
1.21,4,2,6451.13,,
1,4,3,5138.4,,
0.56,5,5,2502.78,,
1,2,3,4822.2,,
0.32,4,7,1233.56,,
1.7,5,3,11185.6,,
2.26,3,2,15126.68,,
0.32,4,5,325.56,,
0.4,3,7,1748.5,,
2.13,3,2,14032.99,,
0.7,4,5,3522.5,,
2.01,4,3,13635.53,,
1.15,4,3,6400.35,,
0.71,5,4,3310.73,,
1.35,4,6,9444.95,,
0.51,5,3,1174.13,,
0.34,5,8,2013.92,,
1.58,5,4,10630.04,,
2.05,2,2,13201.85,,
0.41,5,4,786.83,,
0.6,1,3,1298.9,,
0.31,5,8,1761.53,,
0.64,3,3,1951.62,,
0.71,4,3,2698.63,,
0.55,5,5,2418.65,,
1.26,3,6,8529.68,,
1.03,4,4,5844.79,,
1.01,4,2,4768.53,,
0.25,3,6,32.55,,
0.9,4,3,4297.1,,
0.45,4,4,965.25,,
0.3,5,8,1677.4,,
0.9,2,2,3526.9,,
0.8,3,5,4205.7,,
0.33,4,4,-44.31,,
0.71,5,3,2856.73,,
0.7,4,3,2614.5,,
0.78,5,2,2991.64,,
0.7,3,2,2002.4,,
0.38,5,6,1442.44,,
0.54,4,5,2176.42,,
0.25,2,6,-125.55,,
2.5,2,5,18349.7,,
0.72,2,4,2920.56,,
0.41,5,5,1240.83,,
2.03,5,2,13507.89,,
1.24,4,3,7157.52,,
0.92,4,2,4011.36,,
1,1,2,4210.1,,
0.57,5,4,2132.91,,
0.54,5,3,1426.52,,
1.08,4,2,5357.44,,
0.54,3,7,2926.32,,
0.63,3,5,2775.49,,
1.58,4,3,10017.94,,
0.3,3,5,-0.8,,
1.56,5,6,11369.78,,
0.26,3,6,116.68,,
0.57,5,5,2586.91,,
0.39,5,8,2434.57,,
1.13,3,2,5619.99,,
1.09,5,3,6053.67,,
1.52,5,2,9217.26,,
1.01,3,4,5518.43,,
1.21,4,2,6451.13,,
0.5,5,3,1090,,
1.33,4,2,7460.69,,
0.52,3,5,1850.06,,
0.33,5,2,-794.21,,
1.06,4,2,5189.18,,
0.9,4,2,3843.1,,
0.92,5,4,5077.46,,
1.54,4,5,10589.42,,
1,4,2,4684.4,,
1.2,5,4,7433.1,,
1,5,3,5296.5,,
0.33,3,3,-656.41,,
0.38,5,8,2350.44,,
0.55,5,6,2872.65,,
0.31,4,5,241.43,,
1.13,5,4,6844.19,,
0.33,4,3,-498.31,,
1.03,4,5,6298.79,,
0.53,3,3,1026.19,,
1,2,1,3914.2,,
0.8,3,4,3751.7,,
1.25,2,2,6471.45,,
0.5,3,3,773.8,,
0.56,5,5,2502.78,,
0.46,5,5,1661.48,,
2.1,4,2,13938.7,,
0.77,5,3,3361.51,,
0.53,4,5,2092.29,,
0.75,3,4,3331.05,,
0.41,4,6,1536.73,,
0.41,5,7,2148.83,,
0.51,5,5,2082.13,,
0.34,4,5,493.82,,
0.51,5,2,720.13,,
0.3,4,3,-750.7,,
1.5,2,2,8574.7,,
1.01,3,2,4610.43,,
1.1,5,4,6591.8,,
0.5,2,3,615.7,,
1,2,6,6184.2,,
1.22,5,4,7601.36,,
1.51,5,2,9133.13,,
0.31,5,7,1307.53,,
0.95,4,2,4263.75,,
1.06,3,2,5031.08,,
1.39,4,5,9327.47,,
1.01,3,5,5972.43,,
0.72,4,3,2782.76,,
0.51,4,4,1470.03,,
1.5,3,2,8732.8,,
0.7,4,7,4430.5,,
1.01,4,2,4768.53,,
0.3,5,3,-592.6,,
1.29,4,3,7578.17,,
1.01,3,5,5972.43,,
0.33,5,5,567.79,,
1.53,4,2,9143.29,,
0.85,4,2,3422.45,,
0.33,5,5,567.79,,
0.6,5,7,3747.3,,
0.63,4,4,2479.59,,
1.04,4,2,5020.92,,
2.01,3,2,13023.43,,
0.71,4,3,2698.63,,
0.3,3,6,453.2,,
1.74,5,4,11976.12,,
1.06,5,3,5801.28,,
0.7,1,3,2140.2,,
1.52,3,5,10263.06,,
0.41,5,5,1240.83,,
1.22,5,4,7601.36,,
0.37,4,3,-161.79,,
0.3,4,3,-750.7,,
0.54,4,3,1268.42,,
0.37,5,5,904.31,,
1.5,4,6,10706.9,,
0.62,3,5,2691.36,,
1.33,4,2,7460.69,,
1.51,3,2,8816.93,,
0.31,5,7,1307.53,,
0.38,5,2,-373.56,,
0.31,5,4,-54.47,,
0.34,4,6,947.82,,
0.75,2,2,2264.95,,
0.28,3,6,284.94,,
1.23,3,2,6461.29,,
0.75,2,3,2718.95,,
1.11,5,6,7583.93,,
2.07,3,3,13982.21,,
1,4,3,5138.4,,
0.79,5,3,3529.77,,
0.31,5,4,-54.47,,
0.31,4,7,1149.43,,
1,5,3,5296.5,,
0.41,4,4,628.73,,
0.51,4,3,1016.03,,
1.91,3,3,12636.13,,
1.19,3,5,7486.77,,
0.32,4,7,1233.56,,
0.55,5,2,1056.65,,
0.32,5,8,1845.66,,
1.09,5,2,5599.67,,
0.9,3,7,5955,,
0.74,5,5,4017.12,,
0.9,3,5,5047,,
0.76,5,4,3731.38,,
0.73,5,2,2570.99,,
0.52,2,3,783.96,,
0.73,4,3,2866.89,,
0.76,4,5,4027.28,,
0.48,2,4,901.44,,
1.5,1,3,8870.6,,
0.37,3,3,-319.89,,
0.43,4,5,1250.99,,
0.58,5,6,3125.04,,
1.01,5,3,5380.63,,
0.28,5,4,-306.86,,
0.53,3,4,1480.19,,
0.9,3,5,5047,,
0.3,5,7,1223.4,,
1.51,4,2,8975.03,,
1.01,4,2,4768.53,,
0.31,5,5,399.53,,
0.66,5,5,3344.08,,
0.56,4,3,1436.68,,
0.28,3,6,284.94,,
0.55,5,2,1056.65,,
0.29,5,8,1593.27,,
0.36,5,4,366.18,,
0.31,5,3,-508.47,,
0.58,3,6,2808.84,,
0.4,4,2,-363.4,,
0.29,5,4,-222.73,,
0.62,3,4,2237.36,,
0.73,5,2,2570.99,,
2.01,3,2,13023.43,,
0.7,3,1,1548.4,,
0.54,2,2,498.22,,
0.3,1,6,137,,
0.38,5,7,1896.44,,
0.7,4,4,3068.5,,
0.82,5,2,3328.16,,
0.41,5,6,1694.83,,
0.64,5,8,4537.82,,
1.01,3,4,5518.43,,
0.58,3,5,2354.84,,
0.34,5,4,197.92,,
0.85,5,4,4488.55,,
0.91,2,2,3611.03,,
0.91,4,2,3927.23,,
0.5,1,5,1365.6,,
1,4,5,6046.4,,
1.5,3,3,9186.8,,
1.26,5,4,7937.88,,
0.35,4,2,-784.05,,
1.09,4,5,6803.57,,
0.3,5,5,315.4,,
0.27,5,4,-390.99,,
0.32,5,6,937.66,,
1.09,4,4,6349.57,,
0.4,4,3,90.6,,
1.04,5,6,6995.02,,
0.51,4,5,1924.03,,
0.73,5,3,3024.99,,
1.01,2,2,4452.33,,
1.34,5,5,9064.92,,
0.52,5,6,2620.26,,
1.21,2,4,7042.93,,
0.35,5,4,282.05,,
0.7,5,6,4134.6,,
0.7,4,3,2614.5,,
0.42,3,3,100.76,,
0.38,4,2,-531.66,,
0.3,5,4,-138.6,,
0.91,4,2,3927.23,,
1.11,4,3,6063.83,,
0.3,2,8,1203.1,,
0.32,5,7,1391.66,,
0.42,5,5,1324.96,,
0.54,5,6,2788.52,,
2.03,3,5,14553.69,,
0.4,2,5,682.4,,
0.57,4,4,1974.81,,
0.72,5,7,4756.86,,
1.3,4,3,7662.3,,
1.01,4,5,6130.53,,
0.39,5,2,-289.43,,
0.43,5,6,1863.09,,
0.77,4,3,3203.41,,
0.53,5,7,3158.39,,
0.65,3,8,4305.75,,
0.33,4,2,-952.31,,
1.02,4,2,4852.66,,
0.31,4,7,1149.43,,
0.36,5,3,-87.82,,
0.3,3,7,907.2,,
0.9,3,2,3685,,
1.05,5,3,5717.15,,
1.5,2,2,8574.7,,
0.9,3,4,4593,,
0.72,3,3,2624.66,,
0.42,4,5,1166.86,,
0.53,4,7,3000.29,,
0.51,3,3,857.93,,
0.51,5,5,2082.13,,
0.86,4,2,3506.58,,
1.51,4,3,9429.03,,
0.37,5,4,450.31,,
0.56,4,3,1436.68,,
1.59,4,5,11010.07,,
0.73,5,3,3024.99,,
0.31,5,8,1761.53,,
0.4,3,3,-67.5,,
0.52,5,5,2166.26,,
1.04,4,3,5474.92,,
1,5,4,5750.5,,
0.78,5,3,3445.64,,
0.76,5,3,3277.38,,
0.71,4,5,3606.63,,
0.9,5,2,4001.2,,
1.01,3,2,4610.43,,
0.81,3,2,2927.83,,
0.36,5,6,1274.18,,
0.61,5,2,1561.43,,
0.51,5,5,2082.13,,
0.24,5,6,264.62,,
0.52,5,8,3528.26,,
1,4,2,4684.4,,
0.31,5,6,853.53,,
1.08,4,4,6265.44,,
0.7,2,5,3206.3,,
0.3,3,7,907.2,,
0.3,5,3,-592.6,,
0.7,3,5,3364.4,,
0.72,5,2,2486.86,,
0.3,5,7,1223.4,,
0.76,4,3,3119.28,,
0.41,3,3,16.63,,
0.41,4,3,174.73,,
0.4,3,2,-521.5,,
1.54,2,3,9365.22,,
0.55,5,6,2872.65,,
0.57,5,3,1678.91,,
0.53,5,5,2250.39,,
0.33,3,5,251.59,,
1.53,4,2,9143.29,,
0.52,5,3,1258.26,,
1.01,3,7,6880.43,,
0.91,3,3,4223.13,,
0.54,4,5,2176.42,,
0.53,4,3,1184.29,,
1.02,4,5,6214.66,,
0.3,4,4,-296.7,,
2.05,5,2,13676.15,,
0.3,4,5,157.3,,
0.3,4,4,-296.7,,
0.9,3,4,4593,,
2.25,5,2,15358.75,,
0.42,5,7,2232.96,,
0.7,2,2,1844.3,,
1.2,3,3,6662.9,,
1.52,4,3,9513.16,,
0.33,5,7,1475.79,,
1.21,4,6,8267.13,,
0.23,3,6,-135.71,,
0.31,5,6,853.53,,
0.5,5,3,1090,,
1.01,3,3,5064.43,,
0.76,5,5,4185.38,,
0.31,4,6,695.43,,
1.77,5,2,11320.51,,
0.4,3,3,-67.5,,
0.51,3,5,1765.93,,
0.54,5,7,3242.52,,
0.3,5,3,-592.6,,
1.06,5,2,5347.28,,
0.81,5,4,4152.03,,
0.58,5,3,1763.04,,
0.53,2,3,868.09,,
0.3,3,3,-908.8,,
1.09,4,3,5895.57,,
1.17,5,2,6272.71,,
1.53,5,5,10663.39,,
1.03,2,2,4620.59,,
0.35,4,3,-330.05,,
1,3,5,5888.3,,
2.01,4,2,13181.53,,
0.32,4,4,-128.44,,
1.01,5,2,4926.63,,
0.4,3,5,840.5,,
1.12,4,2,5693.96,,
1.24,3,6,8361.42,,
0.52,5,5,2166.26,,
0.82,3,6,4827.96,,
1.05,2,2,4788.85,,
1,3,5,5888.3,,
0.81,3,3,3381.83,,
1.02,3,4,5602.56,,
0.75,1,4,3014.85,,
0.4,3,2,-521.5,,
2.04,4,2,13433.92,,
0.52,5,5,2166.26,,
0.8,3,5,4205.7,,
1.01,3,4,5518.43,,
0.43,4,3,342.99,,
1.13,4,7,8048.09,,
0.4,5,8,2518.7,,
1.05,4,4,6013.05,,
0.41,2,5,766.53,,
1.01,5,5,6288.63,,
0.7,1,3,2140.2,,
0.55,5,7,3326.65,,
0.53,5,5,2250.39,,
1.16,5,5,7550.58,,
0.3,5,4,-138.6,,
0.7,5,5,3680.6,,
0.33,3,6,705.59,,
0.71,4,5,3606.63,,
0.71,4,4,3152.63,,
0.33,5,8,1929.79,,
1.58,5,3,10176.04,,
1.63,4,4,10892.59,,
0.38,5,8,2350.44,,
1.29,4,4,8032.17,,
1.1,3,2,5367.6,,
1.73,4,2,10825.89,,
1.01,1,3,4748.23,,
0.41,3,2,-437.37,,
0.9,4,5,5205.1,,
0.3,5,4,-138.6,,
0.27,5,4,-390.99,,
0.28,3,3,-1077.06,,
1.17,5,5,7634.71,,
1.02,4,3,5306.66,,
0.34,5,7,1559.92,,
0.45,2,4,649.05,,
0.75,5,2,2739.25,,
0.31,5,6,853.53,,
0.38,5,6,1442.44,,
0.39,4,5,914.47,,
0.54,5,3,1426.52,,
0.7,4,3,2614.5,,
0.31,5,8,1761.53,,
1.21,5,5,7971.23,,
0.33,4,4,-44.31,,
1.11,3,4,6359.73,,
0.31,5,5,399.53,,
0.32,3,5,167.46,,
0.28,3,6,284.94,,
2.17,3,2,14369.51,,
0.35,2,5,261.75,,
0.57,5,7,3494.91,,
1.02,5,3,5464.76,,
0.77,5,5,4269.51,,
0.55,5,2,1056.65,,
0.91,4,3,4381.23,,
1.01,3,5,5972.43,,
0.33,5,6,1021.79,,
0.9,2,5,4888.9,,
0.31,4,5,241.43,,
0.3,5,4,-138.6,,
0.39,5,2,-289.43,,
0.63,3,4,2321.49,,
0.71,5,3,2856.73,,
1.02,5,5,6372.76,,
0.56,3,5,2186.58,,
0.53,5,4,1796.39,,
0.92,2,2,3695.16,,
0.3,5,4,-138.6,,
0.52,3,6,2304.06,,
0.36,5,4,366.18,,
2.02,5,2,13423.76,,
0.54,5,5,2334.52,,
0.76,3,4,3415.18,,
1.21,3,5,7655.03,,
0.3,4,5,157.3,,
0.9,3,3,4139,,
0.36,5,2,-541.82,,
0.71,5,3,2856.73,,
1.09,5,5,6961.67,,
0.31,5,6,853.53,,
0.3,3,4,-454.8,,
0.4,5,5,1156.7,,
0.3,5,6,769.4,,
1.7,4,5,11935.5,,
0.43,3,3,184.89,,
0.53,5,6,2704.39,,
0.41,5,4,786.83,,
0.72,4,3,2782.76,,
1,2,5,5730.2,,
0.37,5,6,1358.31,,
0.5,3,3,773.8,,
0.31,5,7,1307.53,,
1.01,3,5,5972.43,,
0.33,5,5,567.79,,
0.35,2,3,-646.25,,
0.3,5,6,769.4,,
0.37,4,5,746.21,,
1.21,5,5,7971.23,,
1.05,5,6,7079.15,,
1.11,4,5,6971.83,,
0.57,5,5,2586.91,,
1.01,3,2,4610.43,,
0.51,5,5,2082.13,,
0.52,5,4,1712.26,,
0.58,5,3,1763.04,,
0.26,3,7,570.68,,
0.85,1,1,2494.15,,
0.43,5,7,2317.09,,
0.25,5,7,802.75,,
0.78,5,3,3445.64,,
1,5,3,5296.5,,
0.31,2,2,-1436.77,,
0.44,4,5,1335.12,,
0.5,4,6,2293.9,,
1.82,3,3,11878.96,,
0.4,3,6,1294.5,,
0.33,4,5,409.69,,
0.71,4,3,2698.63,,
2.03,3,5,14553.69,,
0.25,5,4,-559.25,,
1.1,4,5,6887.7,,
0.91,3,4,4677.13,,
0.54,5,4,1880.52,,
0.9,2,3,3980.9,,
1.09,2,3,5579.37,,
1.57,5,1,9183.91,,
0.71,5,4,3310.73,,
0.72,2,5,3374.56,,
1.12,5,3,6306.06,,
0.31,5,8,1761.53,,
0.7,5,3,2772.6,,
0.53,5,4,1796.39,,
0.3,5,8,1677.4,,
0.73,4,6,4228.89,,
0.4,4,4,544.6,,
1.09,4,3,5895.57,,
1.21,4,5,7813.13,,
0.32,5,6,937.66,,
0.31,5,7,1307.53,,
0.43,4,8,2612.99,,
0.3,5,5,315.4,,
1,5,1,4388.5,,
0.3,5,2,-1046.6,,
0.61,3,5,2607.23,,
0.33,3,3,-656.41,,
0.62,4,5,2849.46,,
1.1,4,5,6887.7,,
0.32,5,4,29.66,,
1.08,3,3,5653.34,,
0.41,5,2,-121.17,,
1,5,3,5296.5,,
1,5,3,5296.5,,
0.37,5,8,2266.31,,
0.35,4,2,-784.05,,
1.2,2,3,6504.8,,
0.5,4,3,931.9,,
0.43,5,6,1863.09,,
0.42,3,5,1008.76,,
0.59,5,3,1847.17,,
1.4,5,2,8207.7,,
0.66,2,5,2869.78,,
1.02,5,5,6372.76,,
0.53,5,5,2250.39,,
0.51,2,3,699.83,,
0.42,3,2,-353.24,,
2.03,5,2,13507.89,,
0.41,4,4,628.73,,
0.41,5,4,786.83,,
0.3,3,5,-0.8,,
1.11,5,5,7129.93,,
0.31,3,5,83.33,,
0.7,2,3,2298.3,,
0.4,4,3,90.6,,
0.33,5,2,-794.21,,
0.9,3,2,3685,,
0.31,5,5,399.53,,
1.15,5,5,7466.45,,
1.01,5,6,6742.63,,
0.42,5,4,870.96,,
0.91,5,4,4993.33,,
1.26,4,3,7325.78,,
1.28,5,4,8106.14,,
1.17,5,6,8088.71,,
1.02,4,2,4852.66,,
0.57,5,5,2586.91,,
0.91,3,5,5131.13,,
1,5,5,6204.5,,
0.7,2,4,2752.3,,
1.14,3,5,7066.12,,
0.9,3,2,3685,,
0.3,5,8,1677.4,,
0.27,5,4,-390.99,,
0.34,5,8,2013.92,,
0.33,5,8,1929.79,,
2,5,2,13255.5,,
0.7,4,5,3522.5,,
0.37,2,5,430.01,,
0.73,5,5,3932.99,,
0.38,5,3,80.44,,
1,4,4,5592.4,,
0.39,4,8,2276.47,,
0.51,4,5,1924.03,,
0.7,3,3,2456.4,,
1.11,2,2,5293.63,,
0.34,5,7,1559.92,,
1.25,5,3,7399.75,,
0.52,5,3,1258.26,,
1,3,2,4526.3,,
0.33,5,7,1475.79,,
1.8,5,2,11572.9,,
0.3,2,4,-612.9,,
0.7,3,4,2910.4,,
1.08,5,5,6877.54,,
0.61,2,1,633.13,,
1.1,4,5,6887.7,,
0.41,4,5,1082.73,,
0.33,3,5,251.59,,
0.5,4,3,931.9,,
0.38,4,4,376.34,,
2.01,5,2,13339.63,,
0.42,5,3,416.96,,
1.52,5,3,9671.26,,
0.53,5,4,1796.39,,
0.7,3,8,4726.4,,
0.72,5,5,3848.86,,
0.9,3,3,4139,,
1.22,5,3,7147.36,,
0.25,3,7,486.55,,
2.03,5,5,14869.89,,
1.02,5,2,5010.76,,
0.74,5,4,3563.12,,
1.24,4,3,7157.52,,
1.15,4,2,5946.35,,
2.01,4,2,13181.53,,
0.71,4,8,4968.63,,
0.56,5,2,1140.78,,
1.01,5,3,5380.63,,
0.31,5,8,1761.53,,
1.19,5,2,6440.97,,
0.5,5,5,1998,,
1.02,4,3,5306.66,,
0.38,4,3,-77.66,,
0.41,5,6,1694.83,,
1.52,5,2,9217.26,,
1.22,5,5,8055.36,,
0.53,5,5,2250.39,,
0.4,3,3,-67.5,,
0.33,4,3,-498.31,,
0.31,5,4,-54.47,,
1.14,4,3,6316.22,,
1.32,4,2,7376.56,,
0.23,3,7,318.29,,
0.41,3,6,1378.63,,
2.24,5,2,15274.62,,
0.55,5,5,2418.65,,
2.32,1,3,15769.26,,
1.25,5,5,8307.75,,
0.31,5,3,-508.47,,
2.01,1,5,14069.23,,
0.55,5,3,1510.65,,
0.7,3,6,3818.4,,
1.51,2,4,9566.83,,
0.31,5,7,1307.53,,
0.95,5,3,4875.85,,
0.24,5,4,-643.38,,
0.4,4,2,-363.4,,
1.25,4,2,6787.65,,
0.24,3,7,402.42,,
0.83,5,3,3866.29,,
1.01,3,5,5972.43,,
0.27,3,7,654.81,,
1.1,5,4,6591.8,,
0.3,4,6,611.3,,
0.52,5,3,1258.26,,
0.4,5,8,2518.7,,
1.3,4,3,7662.3,,
1.71,5,4,11723.73,,
0.52,5,5,2166.26,,
0.33,5,7,1475.79,,
1,3,6,6342.3,,
0.5,4,4,1385.9,,
0.91,3,3,4223.13,,
1.21,5,4,7517.23,,
0.51,5,5,2082.13,,
0.41,4,6,1536.73,,
0.94,3,2,4021.52,,
0.31,4,3,-666.57,,
0.4,5,5,1156.7,,
1.12,5,3,6306.06,,
1,2,3,4822.2,,
1.48,4,2,8722.64,,
0.32,5,3,-424.34,,
0.76,2,8,5073.08,,
0.42,5,3,416.96,,
0.5,2,3,615.7,,
0.83,3,5,4458.09,,
0.32,3,4,-286.54,,
0.7,5,4,3226.6,,
0.73,5,4,3478.99,,
0.71,3,4,2994.53,,
0.35,4,3,-330.05,,
0.42,4,3,258.86,,
0.81,5,5,4606.03,,
0.32,5,5,483.66,,
0.85,4,1,2968.45,,
0.71,2,3,2382.43,,
0.32,3,6,621.46,,
1.09,4,3,5895.57,,
0.35,4,5,577.95,,
0.82,4,2,3170.06,,
1.03,4,3,5390.79,,
0.5,1,4,911.6,,
0.8,5,5,4521.9,,
1.12,4,2,5693.96,,
1.62,4,5,11262.46,,
1.22,5,3,7147.36,,
0.52,5,7,3074.26,,
1.11,2,5,6655.63,,
0.31,3,3,-824.67,,
0.42,5,4,870.96,,
0.32,5,5,483.66,,
0.9,3,3,4139,,
1.04,5,3,5633.02,,
0.35,5,5,736.05,,
0.5,1,5,1365.6,,
0.36,3,3,-404.02,,
0.3,4,2,-1204.7,,
0.7,3,3,2456.4,,
0.41,3,4,470.63,,
0.4,4,5,998.6,,
1.1,4,2,5525.7,,
0.74,3,2,2338.92,,
0.51,5,5,2082.13,,
0.27,3,7,654.81,,
1.01,5,5,6288.63,,
1.37,3,2,7639.11,,
1.01,4,3,5222.53,,
0.39,1,3,-467.83,,
0.51,4,3,1016.03,,
0.5,4,6,2293.9,,
1.55,5,2,9469.65,,
0.3,5,8,1677.4,,
2,4,2,13097.4,,
0.35,4,4,123.95,,
0.33,5,5,567.79,,
1,3,5,5888.3,,
0.93,2,2,3779.29,,
0.25,4,6,190.65,,
0.7,2,3,2298.3,,
1.01,5,5,6288.63,,
0.53,4,6,2546.29,,
1.51,4,5,10337.03,,
0.23,3,4,-1043.71,,
0.38,4,5,830.34,,
0.3,2,6,295.1,,
0.3,5,4,-138.6,,
1.01,2,3,4906.33,,
0.8,4,3,3455.8,,
0.7,5,4,3226.6,,
0.7,2,4,2752.3,,
1.26,5,2,7029.88,,
1.09,5,6,7415.67,,
1,3,2,4526.3,,
0.6,5,4,2385.3,,
0.32,4,3,-582.44,,
0.41,5,6,1694.83,,
0.32,4,5,325.56,,
0.4,3,4,386.5,,
3,3,1,20898.3,,
0.56,4,5,2344.68,,
0.9,2,2,3526.9,,
0.36,5,7,1728.18,,
0.31,3,5,83.33,,
1.19,3,3,6578.77,,
0.56,5,7,3410.78,,
0.7,4,5,3522.5,,
0.71,4,7,4514.63,,
0.52,3,7,2758.06,,
0.33,4,2,-952.31,,
0.34,5,5,651.92,,
1.19,3,7,8394.77,,
0.4,4,4,544.6,,
1.07,3,5,6477.21,,
1.61,5,5,11336.43,,
1,4,4,5592.4,,
1.07,5,3,5885.41,,
0.41,5,5,1240.83,,
2.03,4,2,13349.79,,
0.58,5,4,2217.04,,
0.8,3,3,3297.7,,
0.32,5,5,483.66,,
0.7,5,3,2772.6,,
0.79,4,3,3371.67,,
0.93,3,5,5299.39,,
0.37,3,5,588.11,,
0.41,4,5,1082.73,,
0.31,5,2,-962.47,,
0.7,5,5,3680.6,,
0.53,5,5,2250.39,,
0.3,3,5,-0.8,,
0.95,3,2,4105.65,,
0.41,4,6,1536.73,,
1.34,4,2,7544.82,,
1,3,3,4980.3,,
0.42,4,4,712.86,,
0.41,4,4,628.73,,
0.5,5,7,2906,,
0.46,4,2,141.38,,
0.35,5,8,2098.05,,
0.82,5,5,4690.16,,
2.48,3,2,16977.54,,
0.35,4,4,123.95,,
1.52,4,2,9059.16,,
1.07,5,6,7247.41,,
0.61,5,2,1561.43,,
0.39,3,6,1210.37,,
0.71,4,2,2244.63,,
0.51,1,3,541.73,,
1.67,5,3,10933.21,,
1,4,1,4230.4,,
0.3,2,5,-158.9,,
1.22,3,3,6831.16,,
0.72,5,5,3848.86,,
0.94,4,3,4633.62,,
0.51,5,2,720.13,,
1.01,3,3,5064.43,,
0.41,4,2,-279.27,,
0.3,3,3,-908.8,,
1.11,4,2,5609.83,,
0.5,5,3,1090,,
1.2,2,5,7412.8,,
0.56,5,3,1594.78,,
0.9,4,3,4297.1,,
1,1,4,5118.1,,
0.35,5,4,282.05,,
0.31,5,5,399.53,,
0.71,3,5,3448.53,,
0.3,4,6,611.3,,
0.3,5,4,-138.6,,
1,3,8,7250.3,,
0.3,4,6,611.3,,
1.48,5,2,8880.74,,
1.5,5,3,9503,,
2.35,4,2,16041.95,,
0.5,2,3,615.7,,
0.38,5,2,-373.56,,
1.06,5,4,6255.28,,
0.33,5,5,567.79,,
0.7,1,1,1232.2,,
0.3,5,5,315.4,,
1.5,2,2,8574.7,,
0.34,3,7,1243.72,,
0.59,4,4,2143.07,,
0.81,4,3,3539.93,,
0.55,5,6,2872.65,,
0.31,5,4,-54.47,,
0.91,2,5,4973.03,,
0.4,4,3,90.6,,
0.81,5,5,4606.03,,
0.31,5,8,1761.53,,
1.1,4,3,5979.7,,
0.31,3,6,537.33,,
0.45,5,7,2485.35,,
0.32,5,5,483.66,,
0.32,5,8,1845.66,,
0.31,4,3,-666.57,,
1,3,2,4526.3,,
2.02,4,2,13265.66,,
2.01,4,2,13181.53,,
1.02,3,3,5148.56,,
1.16,5,2,6188.58,,
0.77,3,3,3045.31,,
0.59,4,8,3959.07,,
0.34,4,2,-868.18,,
0.3,2,8,1203.1,,
0.58,5,3,1763.04,,
0.52,3,4,1396.06,,
0.33,4,7,1317.69,,
1.38,5,2,8039.44,,
0.71,5,2,2402.73,,
0.96,1,2,3873.58,,
1.02,5,7,7280.76,,
0.53,2,5,1776.09,,
0.9,4,2,3843.1,,
0.34,1,1,-1796.48,,
0.36,3,5,503.98,,
0.83,3,4,4004.09,,
1.3,4,8,9932.3,,
1.02,5,3,5464.76,,
0.34,5,6,1105.92,,
0.54,2,4,1406.22,,
0.56,4,4,1890.68,,
2.37,5,5,17730.31,,
1.15,5,2,6104.45,,
0.4,5,4,702.7,,
1.59,5,6,11622.17,,
1.42,3,6,9875.76,,
0.31,5,6,853.53,,
0.57,5,8,3948.91,,
0.7,4,5,3522.5,,
0.41,3,3,16.63,,
0.55,3,3,1194.45,,
1.01,5,5,6288.63,,
0.24,3,6,-51.58,,
0.3,3,3,-908.8,,
1.13,5,3,6390.19,,
0.72,4,3,2782.76,,
0.52,5,2,804.26,,
1,3,3,4980.3,,
0.47,3,4,975.41,,
0.41,5,2,-121.17,,
0.51,4,3,1016.03,,
1,3,3,4980.3,,
1.55,2,5,10357.35,,
0.71,3,5,3448.53,,
1.21,5,5,7971.23,,
1.95,3,5,13880.65,,
1.51,4,3,9429.03,,
0.3,4,5,157.3,,
0.72,3,5,3532.66,,
0.31,5,6,853.53,,
0.53,5,5,2250.39,,
0.71,3,2,2086.53,,
1.07,5,3,5885.41,,
0.24,3,4,-959.58,,
1,3,8,7250.3,,
0.55,5,4,1964.65,,
0.52,5,5,2166.26,,
0.72,5,2,2486.86,,
0.9,2,3,3980.9,,
0.41,5,5,1240.83,,
0.33,5,3,-340.21,,
0.56,3,4,1732.58,,
1.01,3,2,4610.43,,
0.46,4,7,2411.38,,
1.01,3,3,5064.43,,
0.3,5,5,315.4,,
0.3,4,4,-296.7,,
2.02,3,2,13107.56,,
0.32,5,6,937.66,,
0.35,4,4,123.95,,
0.34,5,3,-256.08,,
0.6,5,4,2385.3,,
0.41,4,6,1536.73,,
1.01,1,4,5202.23,,
0.54,5,7,3242.52,,
1.01,4,2,4768.53,,
0.3,5,7,1223.4,,
1.06,4,1,4735.18,,
0.7,3,5,3364.4,,
1.53,3,3,9439.19,,
0.82,3,3,3465.96,,
0.32,5,7,1391.66,,
0.27,3,4,-707.19,,
0.8,5,5,4521.9,,
1.11,5,4,6675.93,,
0.71,4,5,3606.63,,
0.61,3,2,1245.23,,
1.31,3,4,8042.33,,
0.71,3,3,2540.53,,
0.9,4,2,3843.1,,
0.9,4,5,5205.1,,
0.74,5,5,4017.12,,
0.3,2,4,-612.9,,
1,3,4,5434.3,,
0.3,5,5,315.4,,
0.39,2,6,1052.27,,
0.51,4,3,1016.03,,
0.81,5,2,3244.03,,
1.62,5,5,11420.56,,
1.62,4,2,9900.46,,
0.57,3,5,2270.71,,
0.33,5,7,1475.79,,
0.42,5,5,1324.96,,
1.51,4,5,10337.03,,
0.31,5,5,399.53,,
1.01,3,3,5064.43,,
0.41,2,7,1674.53,,
0.7,4,3,2614.5,,
0.9,2,2,3526.9,,
1.75,2,3,11131.95,,
0.36,5,3,-87.82,,
0.31,5,8,1761.53,,
0.8,3,3,3297.7,,
0.32,2,4,-444.64,,
1.01,2,5,5814.33,,
0.72,4,3,2782.76,,
0.71,3,5,3448.53,,
1.09,5,2,5599.67,,
0.63,3,4,2321.49,,
0.51,5,4,1628.13,,
1.01,3,5,5972.43,,
1.59,4,2,9648.07,,
0.54,4,4,1722.42,,
0.28,3,6,284.94,,
0.54,3,7,2926.32,,
1.52,5,3,9671.26,,
1.13,5,5,7298.19,,
1.07,5,5,6793.41,,
0.31,5,5,399.53,,
0.7,5,5,3680.6,,
0.33,5,7,1475.79,,
1.65,1,3,10132.55,,
0.54,5,6,2788.52,,
0.71,3,5,3448.53,,
0.7,3,5,3364.4,,
2.05,4,5,14880.05,,
1,2,3,4822.2,,
1.65,5,5,11672.95,,
0.37,2,5,430.01,,
1.15,4,2,5946.35,,
0.57,5,5,2586.91,,
0.72,3,3,2624.66,,
0.71,5,3,2856.73,,
0.7,3,3,2456.4,,
1.38,3,4,8631.24,,
0.73,5,6,4386.99,,
0.39,3,6,1210.37,,
2.14,4,2,14275.22,,
1.12,3,5,6897.86,,
0.36,3,3,-404.02,,
0.42,3,4,554.76,,
0.5,5,3,1090,,
2,4,5,14459.4,,
0.3,4,5,157.3,,
1.35,4,4,8536.95,,
1.57,4,3,9933.81,,
0.31,4,5,241.43,,
0.33,4,5,409.69,,
1.02,4,3,5306.66,,
1.01,4,5,6130.53,,
0.83,5,2,3412.29,,
0.43,3,3,184.89,,
1.2,4,2,6367,,
1.01,5,5,6288.63,,
1.23,5,2,6777.49,,
0.53,5,3,1342.39,,
1,5,2,4842.5,,
0.4,3,8,2202.5,,
0.71,4,6,4060.63,,
1.33,3,2,7302.59,,
0.43,3,2,-269.11,,
0.31,3,4,-370.67,,
1.21,5,3,7063.23,,
1.55,4,5,10673.55,,
0.8,5,5,4521.9,,
0.71,2,3,2382.43,,
0.46,1,5,1029.08,,
0.3,5,3,-592.6,,
1.21,2,6,7950.93,,
2.14,5,2,14433.32,,
0.7,2,2,1844.3,,
1.03,5,3,5548.89,,
1.06,3,3,5485.08,,
1.41,5,4,9199.83,,
0.3,4,4,-296.7,,
0.79,3,3,3213.57,,
0.37,2,3,-477.99,,
0.62,4,3,1941.46,,
0.7,3,5,3364.4,,
0.39,3,6,1210.37,,
1.12,4,6,7509.96,,
1.14,3,8,8428.12,,
0.9,5,4,4909.2,,
0.5,3,2,319.8,,
0.75,5,2,2739.25,,
0.38,5,6,1442.44,,
1.07,2,5,6319.11,,
0.34,3,2,-1026.28,,
1.25,5,2,6945.75,,
0.9,1,3,3822.8,,
2.74,3,2,19164.92,,
0.71,3,5,3448.53,,
0.33,5,4,113.79,,
0.91,3,5,5131.13,,
0.33,3,6,705.59,,
0.4,3,3,-67.5,,
1.11,4,3,6063.83,,
0.24,2,7,244.32,,
1.01,3,3,5064.43,,
0.31,3,4,-370.67,,
0.34,3,6,789.72,,
0.64,5,4,2721.82,,
1.01,3,2,4610.43,,
0.7,3,3,2456.4,,
1.11,3,3,5905.73,,
0.7,3,4,2910.4,,
0.43,5,4,955.09,,
0.91,5,4,4993.33,,
0.94,3,2,4021.52,,
0.3,4,8,1519.3,,
0.31,5,5,399.53,,
1.51,3,5,10178.93,,
1.04,4,4,5928.92,,
0.38,5,4,534.44,,
1.01,2,5,5814.33,,
0.5,1,4,911.6,,
0.52,5,2,804.26,,
1.05,5,4,6171.15,,
1.54,5,6,11201.52,,
1,4,4,5592.4,,
1.52,3,3,9355.06,,
1.12,3,3,5989.86,,
0.73,5,4,3478.99,,
1.08,2,2,5041.24,,
0.36,5,5,820.18,,
1.01,5,4,5834.63,,
0.55,5,3,1510.65,,
0.9,2,5,4888.9,,
0.43,5,7,2317.09,,
0.54,5,2,972.52,,
0.6,4,3,1773.2,,
1.2,4,3,6821,,
0.53,2,6,2230.09,,
3.01,1,1,20666.23,,
0.58,5,3,1763.04,,
0.63,5,3,2183.69,,
0.52,4,7,2916.16,,
1.07,3,4,6023.21,,
0.3,3,7,907.2,,
1.13,2,2,5461.89,,
0.51,2,5,1607.83,,
0.23,2,6,-293.81,,
0.46,5,7,2569.48,,
0.33,5,3,-340.21,,
2.05,4,2,13518.05,,
0.3,3,4,-454.8,,
0.69,1,4,2510.07,,
0.3,5,8,1677.4,,
0.41,5,2,-121.17,,
0.9,5,2,4001.2,,
0.41,4,4,628.73,,
1.01,3,5,5972.43,,
0.57,3,3,1362.71,,
1.22,3,4,7285.16,,
0.31,4,1,-1574.57,,
0.73,5,5,3932.99,,
0.53,5,5,2250.39,,
0.3,3,5,-0.8,,
0.53,3,4,1480.19,,
0.71,3,3,2540.53,,
0.54,4,5,2176.42,,
0.41,4,4,628.73,,
0.9,5,2,4001.2,,
1.03,3,2,4778.69,,
1.08,4,3,5811.44,,
0.32,4,7,1233.56,,
0.43,2,3,26.79,,
0.7,5,3,2772.6,,
0.74,5,7,4925.12,,
1.5,4,6,10706.9,,
0.34,5,7,1559.92,,
0.57,5,4,2132.91,,
1,2,3,4822.2,,
0.7,5,5,3680.6,,
1.01,5,3,5380.63,,
0.25,4,7,644.65,,
0.53,5,7,3158.39,,
0.96,3,5,5551.78,,
1.25,5,5,8307.75,,
0.73,5,2,2570.99,,
0.34,3,3,-572.28,,
0.74,4,3,2951.02,,
1.11,3,3,5905.73,,
0.54,5,6,2788.52,,
0.95,3,4,5013.65,,
0.41,5,7,2148.83,,
0.28,3,7,738.94,,
0.34,4,7,1401.82,,
1.64,4,5,11430.72,,
0.71,5,8,5126.73,,
0.74,3,5,3700.92,,
0.74,5,6,4471.12,,
0.6,4,3,1773.2,,
0.44,5,4,1039.22,,
0.79,3,3,3213.57,,
0.58,5,3,1763.04,,
1,2,6,6184.2,,
0.34,5,4,197.92,,
0.31,4,7,1149.43,,
0.31,2,3,-982.77,,
1.81,3,4,12248.83,,
0.3,4,4,-296.7,,
2.19,4,2,14695.87,,
0.91,5,2,4085.33,,
0.37,5,5,904.31,,
1.57,4,5,10841.81,,
1,4,2,4684.4,,
1.09,5,3,6053.67,,
0.31,2,4,-528.77,,
0.5,3,5,1681.8,,
0.41,4,4,628.73,,
1.23,5,3,7231.49,,
1.09,4,3,5895.57,,
0.4,5,4,702.7,,
0.42,5,4,870.96,,
1.02,5,3,5464.76,,
1,3,2,4526.3,,
0.26,3,5,-337.32,,
0.23,2,7,160.19,,
0.46,4,8,2865.38,,
0.4,2,2,-679.6,,
2.05,5,2,13676.15,,
0.41,5,7,2148.83,,
2.03,5,5,14869.89,,
2.28,5,2,15611.14,,
0.72,3,7,4440.66,,
1.52,2,5,10104.96,,
1.51,4,5,10337.03,,
1.14,3,3,6158.12,,
0.51,5,4,1628.13,,
0.3,5,2,-1046.6,,
0.31,4,5,241.43,,
1.5,3,3,9186.8,,
0.52,5,5,2166.26,,
0.7,1,3,2140.2,,
0.3,5,7,1223.4,,
0.5,1,3,457.6,,
1.54,4,5,10589.42,,
1.2,5,3,6979.1,,
0.79,3,2,2759.57,,
1.2,2,5,7412.8,,
2.01,4,3,13635.53,,
0.72,3,4,3078.66,,
1.1,3,2,5367.6,,
0.23,3,6,-135.71,,
0.94,5,1,3883.72,,
2.16,3,2,14285.38,,
0.27,3,6,200.81,,
0.35,5,3,-171.95,,
0.38,5,4,534.44,,
1.21,3,4,7201.03,,
0.3,4,6,611.3,,
0.56,5,5,2502.78,,
0.3,2,2,-1520.9,,
1.01,4,3,5222.53,,
0.34,5,5,651.92,,
0.32,4,7,1233.56,,
1.01,3,2,4610.43,,
0.31,4,3,-666.57,,
0.51,5,3,1174.13,,
0.36,4,4,208.08,,
0.5,4,3,931.9,,
0.21,4,2,-1961.87,,
0.9,3,3,4139,,
1.03,4,2,4936.79,,
0.37,5,3,-3.69,,
0.5,4,3,931.9,,
1.01,3,4,5518.43,,
0.84,2,5,4384.12,,
0.76,3,5,3869.18,,
0.23,3,7,318.29,,
1.03,4,5,6298.79,,
0.9,2,5,4888.9,,
0.32,5,7,1391.66,,
0.55,5,5,2418.65,,
1.55,4,3,9765.55,,
0.35,5,5,736.05,,
1.51,3,4,9724.93,,
0.38,5,5,988.44,,
0.33,3,6,705.59,,
0.31,5,8,1761.53,,
0.3,5,5,315.4,,
1.22,5,4,7601.36,,
0.4,4,4,544.6,,
1.51,3,1,8362.93,,
1.01,2,2,4452.33,,
0.51,2,3,699.83,,
0.32,4,7,1233.56,,
1.28,5,2,7198.14,,
0.33,5,2,-794.21,,
1.11,5,5,7129.93,,
2.21,4,2,14864.13,,
0.43,2,3,26.79,,
0.7,4,8,4884.5,,
0.25,3,8,940.55,,
0.5,2,5,1523.7,,
0.24,2,4,-1117.68,,
0.3,4,3,-750.7,,
1.11,3,2,5451.73,,
1.02,1,2,4378.36,,
0.31,5,7,1307.53,,
0.39,5,4,618.57,,
0.5,4,5,1839.9,,
0.7,5,3,2772.6,,
0.32,3,3,-740.54,,
0.3,3,4,-454.8,,
0.41,5,6,1694.83,,
1.33,1,2,6986.39,,
0.3,5,7,1223.4,,
1.51,4,5,10337.03,,
0.38,5,7,1896.44,,
0.23,3,5,-589.71,,
0.74,5,5,4017.12,,
1.2,3,2,6208.9,,
1.52,5,3,9671.26,,
1.01,5,5,6288.63,,
0.44,5,5,1493.22,,
1.2,4,3,6821,,
1.3,2,2,6892.1,,
0.31,4,3,-666.57,,
1.2,5,6,8341.1,,
0.79,4,3,3371.67,,
1.05,5,7,7533.15,,
0.7,4,2,2160.5,,
0.3,3,5,-0.8,,
1.25,5,6,8761.75,,
2.07,3,5,14890.21,,
1.52,4,5,10421.16,,
0.31,5,5,399.53,,
0.94,5,2,4337.72,,
0.27,3,5,-253.19,,
0.32,5,8,1845.66,,
0.35,5,4,282.05,,
1.2,5,7,8795.1,,
1.51,4,3,9429.03,,
0.4,5,5,1156.7,,
0.33,4,6,863.69,,
1.51,3,8,11540.93,,
0.72,4,1,1874.76,,
0.84,3,5,4542.22,,
1.06,3,3,5485.08,,
1.01,4,5,6130.53,,
0.38,5,6,1442.44,,
0.72,5,4,3394.86,,
1.61,3,2,9658.23,,
1.5,3,4,9640.8,,
0.78,2,3,2971.34,,
0.69,1,2,1602.07,,
0.32,5,5,483.66,,
0.51,5,6,2536.13,,
0.34,5,4,197.92,,
1.49,3,1,8194.67,,
0.5,4,4,1385.9,,
0.9,2,3,3980.9,,
2.2,4,4,15688,,
0.51,4,6,2378.03,,
2.38,4,3,16748.34,,
0.9,4,2,3843.1,,
1.05,5,3,5717.15,,
0.61,4,5,2765.33,,
0.71,3,7,4356.53,,
1.01,5,3,5380.63,,
0.4,4,5,998.6,,
0.57,4,2,1066.81,,
1.74,5,3,11522.12,,
0.37,3,5,588.11,,
0.53,1,3,709.99,,
2.4,1,2,15988.3,,
0.71,4,3,2698.63,,
0.71,1,5,3132.33,,
0.51,3,4,1311.93,,
0.95,1,3,4243.45,,
0.32,2,5,9.36,,
0.31,4,5,241.43,,
0.9,2,3,3980.9,,
0.51,5,6,2536.13,,
1.7,4,5,11935.5,,
0.31,4,5,241.43,,
0.5,3,5,1681.8,,
1.55,3,2,9153.45,,
1.01,3,3,5064.43,,
1.01,3,3,5064.43,,
1.18,5,3,6810.84,,
0.3,5,7,1223.4,,
0.76,3,3,2961.18,,
0.92,2,3,4149.16,,
0.72,1,2,1854.46,,
1.5,3,5,10094.8,,
1.01,5,3,5380.63,,
1.1,5,3,6137.8,,
0.34,3,2,-1026.28,,
0.53,5,3,1342.39,,
1.6,4,3,10186.2,,
0.31,5,3,-508.47,,
0.31,5,4,-54.47,,
1.5,2,5,9936.7,,
1.02,2,2,4536.46,,
1.01,5,3,5380.63,,
0.4,5,6,1610.7,,
0.4,5,5,1156.7,,
1.12,4,3,6147.96,,
0.31,4,3,-666.57,,
1.52,4,6,10875.16,,
1.6,5,2,9890.3,,
2,4,3,13551.4,,
0.58,5,4,2217.04,,
2.06,3,3,13898.08,,
0.56,5,3,1594.78,,
0.51,3,4,1311.93,,
1.01,4,5,6130.53,,
0.5,3,5,1681.8,,
1.51,5,4,10041.13,,
0.8,4,2,3001.8,,
0.52,4,6,2462.16,,
1.48,2,8,11130.44,,
0.31,5,5,399.53,,
1.01,5,2,4926.63,,
0.32,3,3,-740.54,,
0.51,4,4,1470.03,,
0.71,4,2,2244.63,,
0.61,3,5,2607.23,,
1.69,4,1,10035.37,,
0.57,5,6,3040.91,,
1.22,2,2,6219.06,,
1.38,4,3,8335.34,,
1.18,5,4,7264.84,,
0.51,5,6,2536.13,,
1.7,5,2,10731.6,,
0.4,2,1,-1133.6,,
0.71,5,4,3310.73,,
0.93,2,3,4233.29,,
0.39,3,6,1210.37,,
1.01,5,6,6742.63,,
1.6,4,5,11094.2,,
0.32,5,7,1391.66,,
0.32,2,2,-1352.64,,
1,3,2,4526.3,,
0.57,5,5,2586.91,,
1,4,3,5138.4,,
0.53,5,6,2704.39,,
1.56,4,4,10303.68,,
0.5,4,4,1385.9,,
1.06,5,5,6709.28,,
0.33,4,4,-44.31,,
0.9,3,6,5501,,
1,4,3,5138.4,,
0.31,5,7,1307.53,,
1.24,5,2,6861.62,,
1.01,5,5,6288.63,,
1.02,5,4,5918.76,,
1.01,4,3,5222.53,,
0.53,3,2,572.19,,
0.53,5,5,2250.39,,
1.58,4,2,9563.94,,
1.04,4,6,6836.92,,
0.32,5,8,1845.66,,
0.58,4,5,2512.94,,
1.2,5,7,8795.1,,
1.07,4,2,5273.31,,
1.06,3,3,5485.08,,
0.53,5,5,2250.39,,
0.33,5,6,1021.79,,
0.7,3,3,2456.4,,
1.21,4,5,7813.13,,
0.3,3,3,-908.8,,
0.52,5,3,1258.26,,
1.16,2,2,5714.28,,
0.73,3,3,2708.79,,
2.02,5,5,14785.76,,
0.37,5,4,450.31,,
1.01,3,3,5064.43,,
0.52,5,5,2166.26,,
0.7,2,5,3206.3,,
0.4,5,7,2064.7,,
1,2,5,5730.2,,
1.21,5,3,7063.23,,
1.08,5,5,6877.54,,
0.4,5,7,2064.7,,
0.9,3,5,5047,,
0.41,5,6,1694.83,,
1,3,2,4526.3,,
0.5,3,3,773.8,,
1.19,5,7,8710.97,,
0.5,3,3,773.8,,
0.3,4,5,157.3,,
2.01,2,2,12865.33,,
0.32,5,6,937.66,,
0.43,5,7,2317.09,,
0.31,5,3,-508.47,,
2.07,4,5,15048.31,,
1.03,5,3,5548.89,,
0.7,3,5,3364.4,,
2.02,3,2,13107.56,,
0.57,3,8,3632.71,,
1.13,5,3,6390.19,,
0.51,3,5,1765.93,,
0.27,5,8,1425.01,,
1.5,4,5,10252.9,,
1.03,3,2,4778.69,,
1.51,3,2,8816.93,,
0.72,5,7,4756.86,,
1.71,4,5,12019.63,,
0.4,3,5,840.5,,
1.51,3,6,10632.93,,
0.5,5,3,1090,,
1.14,4,3,6316.22,,
0.33,5,5,567.79,,
1.6,4,3,10186.2,,
0.3,2,5,-158.9,,
0.73,5,3,3024.99,,
0.59,3,3,1530.97,,
0.47,5,5,1745.61,,
0.4,4,6,1452.6,,
0.3,5,5,315.4,,
1.01,3,6,6426.43,,
0.72,3,3,2624.66,,
0.63,5,4,2637.69,,
1.53,5,4,10209.39,,
0.4,2,5,682.4,,
1.2,1,1,5438.7,,
0.78,5,3,3445.64,,
0.27,4,4,-549.09,,
0.92,3,3,4307.26,,
0.34,5,8,2013.92,,
0.26,3,7,570.68,,
1.05,5,3,5717.15,,
0.4,3,7,1748.5,,
2.01,3,6,14839.43,,
1.05,5,3,5717.15,,
0.3,5,7,1223.4,,
0.47,3,6,1883.41,,
1.02,2,4,5444.46,,
1.59,4,3,10102.07,,
1,3,2,4526.3,,
2.15,5,2,14517.45,,
0.4,3,3,-67.5,,
1.01,4,4,5676.53,,
1.6,5,3,10344.3,,
2.01,5,3,13793.63,,
0.3,5,5,315.4,,
0.42,5,6,1778.96,,
0.4,3,7,1748.5,,
0.76,3,5,3869.18,,
0.41,5,5,1240.83,,
0.56,5,7,3410.78,,
0.7,2,3,2298.3,,
2.29,4,2,15537.17,,
1.05,1,4,5538.75,,
1.52,3,6,10717.06,,
0.4,3,7,1748.5,,
1.2,4,2,6367,,
0.26,5,5,-21.12,,
1.74,5,3,11522.12,,
0.71,1,5,3132.33,,
1.22,5,2,6693.36,,
0.41,4,4,628.73,,
0.31,1,4,-686.87,,
1.01,2,3,4906.33,,
1.02,3,3,5148.56,,
1.23,4,2,6619.39,,
0.63,2,4,2163.39,,
0.75,5,2,2739.25,,
0.43,3,7,2000.89,,
1.24,5,3,7315.62,,
0.5,4,4,1385.9,,
1.01,5,6,6742.63,,
0.31,4,2,-1120.57,,
0.7,3,5,3364.4,,
0.38,4,2,-531.66,,
2.29,4,2,15537.17,,
0.85,1,3,3402.15,,
0.32,5,4,29.66,,
1.01,3,5,5972.43,,
0.31,5,6,853.53,,
0.52,4,5,2008.16,,
0.4,5,6,1610.7,,
0.7,3,5,3364.4,,
1.31,4,7,9562.43,,
0.5,4,6,2293.9,,
1.5,4,5,10252.9,,
0.7,4,3,2614.5,,
0.31,3,7,991.33,,
1,2,3,4822.2,,
0.41,4,4,628.73,,
1.04,4,2,5020.92,,
0.32,3,2,-1194.54,,
0.78,3,3,3129.44,,
1.01,3,5,5972.43,,
0.9,2,2,3526.9,,
0.9,4,5,5205.1,,
1.71,3,3,10953.53,,
0.41,5,8,2602.83,,
1,5,2,4842.5,,
0.56,5,6,2956.78,,
0.43,4,4,796.99,,
0.95,5,5,5783.85,,
0.83,5,2,3412.29,,
0.51,5,5,2082.13,,
0.7,1,2,1686.2,,
0.41,4,4,628.73,,
0.32,5,8,1845.66,,
0.7,3,5,3364.4,,
0.7,4,3,2614.5,,
0.53,5,4,1796.39,,
0.9,2,3,3980.9,,
0.72,4,3,2782.76,,
0.3,3,2,-1362.8,,
1,4,5,6046.4,,
1.57,3,5,10683.71,,
0.51,5,5,2082.13,,
1.3,1,1,6280,,
1.07,5,6,7247.41,,
1.55,5,5,10831.65,,
0.9,4,1,3389.1,,
0.72,4,2,2328.76,,
1,4,2,4684.4,,
0.55,5,3,1510.65,,
1.36,2,3,7850.88,,
0.26,4,6,274.78,,
1.08,5,2,5515.54,,
0.79,5,3,3529.77,,
0.9,3,5,5047,,
0.9,3,3,4139,,
1.13,1,4,6211.79,,
1,2,2,4368.2,,
1.51,5,6,10949.13,,
1.2,5,4,7433.1,,
1.01,3,3,5064.43,,
1.03,5,2,5094.89,,
0.9,5,3,4455.2,,
0.38,4,6,1284.34,,
0.84,5,3,3950.42,,
0.39,5,7,1980.57,,
0.33,5,6,1021.79,,
0.7,5,5,3680.6,,
0.75,5,3,3193.25,,
0.42,5,5,1324.96,,
1.03,5,6,6910.89,,
0.81,4,6,4901.93,,
0.31,5,7,1307.53,,
1.15,3,2,5788.25,,
0.29,3,4,-538.93,,
1,2,5,5730.2,,
0.9,3,2,3685,,
0.55,5,5,2418.65,,
2.11,5,2,14180.93,,
1,3,6,6342.3,,
0.37,2,5,430.01,,
0.5,5,5,1998,,
0.3,5,4,-138.6,,
0.7,3,3,2456.4,,
0.9,4,3,4297.1,,
0.41,5,5,1240.83,,
0.33,4,6,863.69,,
0.68,4,3,2446.24,,
0.73,3,2,2254.79,,
0.52,5,3,1258.26,,
0.47,1,3,205.21,,
0.71,2,3,2382.43,,
0.7,3,5,3364.4,,
0.94,3,3,4475.52,,
0.41,4,3,174.73,,
0.41,4,3,174.73,,
0.34,5,4,197.92,,
0.75,3,3,2877.05,,
2.01,4,2,13181.53,,
1,5,6,6658.5,,
1.21,3,4,7201.03,,
0.74,3,2,2338.92,,
0.42,2,3,-57.34,,
0.51,5,6,2536.13,,
1.57,3,5,10683.71,,
1,4,3,5138.4,,
0.7,5,4,3226.6,,
0.92,5,3,4623.46,,
0.41,5,4,786.83,,
0.65,3,7,3851.75,,
0.3,4,4,-296.7,,
0.94,5,2,4337.72,,
0.32,2,5,9.36,,
1.2,5,3,6979.1,,
1,5,6,6658.5,,
1.01,4,5,6130.53,,
0.37,5,7,1812.31,,
1.55,2,4,9903.35,,
0.52,2,3,783.96,,
0.51,5,4,1628.13,,
0.5,2,3,615.7,,
1.21,3,2,6293.03,,
1.01,4,2,4768.53,,
1.12,5,6,7668.06,,
1.26,5,3,7483.88,,
0.72,5,2,2486.86,,
1.03,5,3,5548.89,,
0.32,5,8,1845.66,,
0.3,4,6,611.3,,
0.72,2,5,3374.56,,
0.76,4,2,2665.28,,
1.02,4,5,6214.66,,
1.7,4,5,11935.5,,
0.41,5,4,786.83,,
2.09,3,2,13696.47,,
1.08,5,8,8239.54,,
1.06,4,5,6551.18,,
1.26,3,4,7621.68,,
0.8,3,4,3751.7,,
1,3,5,5888.3,,
0.3,5,5,315.4,,
0.42,3,3,100.76,,
0.93,5,2,4253.59,,
0.3,2,7,749.1,,
0.3,5,8,1677.4,,
0.43,3,4,638.89,,
0.71,2,6,3744.43,,
0.41,2,6,1220.53,,
0.95,4,2,4263.75,,
2,3,2,12939.3,,
1.05,3,5,6308.95,,
0.34,3,3,-572.28,,
2,4,1,12643.4,,
1.04,3,5,6224.82,,
0.52,5,3,1258.26,,
2.07,3,2,13528.21,,
0.91,1,2,3452.93,,
0.5,5,3,1090,,
1.51,4,2,8975.03,,
0.3,2,7,749.1,,
0.55,5,5,2418.65,,
1.2,4,6,8183,,
1.01,4,5,6130.53,,
0.51,5,6,2536.13,,
0.53,5,4,1796.39,,
1.2,5,7,8795.1,,
0.71,3,6,3902.53,,
0.32,3,7,1075.46,,
2.13,5,2,14349.19,,
1.1,5,4,6591.8,,
0.7,5,6,4134.6,,
0.3,4,3,-750.7,,
0.48,3,3,605.54,,
0.3,5,3,-592.6,,
0.32,5,5,483.66,,
0.71,5,4,3310.73,,
1.25,5,4,7853.75,,
0.51,5,6,2536.13,,
0.73,3,4,3162.79,,
0.41,2,7,1674.53,,
1.23,5,6,8593.49,,
0.55,5,7,3326.65,,
0.58,3,3,1446.84,,
0.97,4,3,4886.01,,
0.33,5,5,567.79,,
0.33,5,6,1021.79,,
0.41,5,4,786.83,,
0.27,5,7,971.01,,
0.3,3,3,-908.8,,
0.52,5,6,2620.26,,
0.42,5,7,2232.96,,
1.01,2,2,4452.33,,
0.39,5,7,1980.57,,
0.43,3,3,184.89,,
0.72,5,6,4302.86,,
0.23,3,7,318.29,,
0.79,3,4,3667.57,,
0.35,5,8,2098.05,,
0.24,3,6,-51.58,,
0.68,3,6,3650.14,,
1.02,3,4,5602.56,,
0.71,5,2,2402.73,,
0.76,4,7,4935.28,,
0.41,5,6,1694.83,,
0.7,3,2,2002.4,,
2.41,4,2,16546.73,,
0.61,2,6,2903.13,,
1,5,3,5296.5,,
0.71,5,5,3764.73,,
1.13,3,3,6073.99,,
0.41,5,5,1240.83,,
0.76,3,3,2961.18,,
0.97,5,1,4136.11,,
0.62,4,1,1033.46,,
0.9,2,3,3980.9,,
0.79,3,5,4121.57,,
0.3,5,3,-592.6,,
0.31,5,7,1307.53,,
0.32,5,5,483.66,,
1.04,2,3,5158.72,,
1.21,5,7,8879.23,,
1.02,1,3,4832.36,,
0.35,5,5,736.05,,
0.32,5,3,-424.34,,
1.02,4,4,5760.66,,
0.36,4,2,-699.92,,
0.38,4,4,376.34,,
1.05,4,3,5559.05,,
0.41,2,2,-595.47,,
1.05,3,5,6308.95,,
1.52,4,3,9513.16,,
0.9,5,3,4455.2,,
1.15,4,2,5946.35,,
0.94,5,3,4791.72,,
0.7,4,4,3068.5,,
0.5,5,6,2452,,
0.64,5,6,3629.82,,
0.55,5,5,2418.65,,
0.38,5,5,988.44,,
0.53,5,5,2250.39,,
1.68,2,1,9635.04,,
1.22,4,3,6989.26,,
2,1,2,12623.1,,
1.01,4,2,4768.53,,
0.9,5,2,4001.2,,
0.26,5,4,-475.12,,
1.01,5,2,4926.63,,
0.92,3,3,4307.26,,
1.5,4,2,8890.9,,
1.34,3,5,8748.72,,
0.31,5,5,399.53,,
0.61,2,4,1995.13,,
0.4,2,3,-225.6,,
0.3,5,5,315.4,,
0.95,5,2,4421.85,,
0.32,5,4,29.66,,
1.66,2,5,11282.78,,
1.22,4,5,7897.26,,
2.53,4,2,17556.29,,
0.3,5,4,-138.6,,
0.25,3,6,32.55,,
0.73,5,4,3478.99,,
0.3,3,8,1361.2,,
1.31,4,2,7292.43,,
1.01,3,5,5972.43,,
0.41,3,5,924.63,,
0.37,4,3,-161.79,,
0.3,3,7,907.2,,
0.51,4,5,1924.03,,
2.56,2,2,17492.48,,
0.38,4,3,-77.66,,
0.38,3,4,218.24,,
0.58,5,5,2671.04,,
0.74,5,2,2655.12,,
0.31,5,3,-508.47,,
1,2,5,5730.2,,
0.31,3,5,83.33,,
0.61,4,6,3219.33,,
0.81,5,5,4606.03,,
0.58,5,3,1763.04,,
0.38,3,5,672.24,,
0.54,5,3,1426.52,,
0.57,3,5,2270.71,,
1.01,4,3,5222.53,,
0.57,1,4,1500.51,,
0.73,4,3,2866.89,,
1.18,5,2,6356.84,,
0.31,5,8,1761.53,,
0.3,5,4,-138.6,,
0.34,5,5,651.92,,
0.7,3,2,2002.4,,
0.3,5,4,-138.6,,
0.58,5,6,3125.04,,
1.24,5,5,8223.62,,
1.23,3,4,7369.29,,
0.57,5,3,1678.91,,
0.32,5,7,1391.66,,
0.9,5,7,6271.2,,
0.39,5,6,1526.57,,
0.8,5,3,3613.9,,
1.14,5,4,6928.32,,
0.72,3,4,3078.66,,
0.31,5,5,399.53,,
0.54,5,3,1426.52,,
0.32,5,5,483.66,,
0.32,5,5,483.66,,
0.27,5,5,63.01,,
1.06,5,1,4893.28,,
1.01,4,5,6130.53,,
1.04,4,2,5020.92,,
0.25,4,6,190.65,,
0.3,5,5,315.4,,
0.51,4,2,562.03,,
0.73,5,4,3478.99,,
0.44,5,4,1039.22,,
0.33,3,3,-656.41,,
0.7,3,3,2456.4,,
1,2,6,6184.2,,
0.3,5,7,1223.4,,
0.76,4,2,2665.28,,
0.79,5,3,3529.77,,
0.76,5,5,4185.38,,
0.51,5,4,1628.13,,
0.53,5,5,2250.39,,
0.56,1,6,2324.38,,
0.31,5,7,1307.53,,
0.41,4,4,628.73,,
0.54,5,5,2334.52,,
1,3,3,4980.3,,
1.01,3,3,5064.43,,
1.65,5,4,11218.95,,
0.24,5,8,1172.62,,
0.33,5,3,-340.21,,
0.78,5,5,4353.64,,
1.01,3,5,5972.43,,
0.74,3,2,2338.92,,
0.51,4,4,1470.03,,
2.01,2,3,13319.33,,
0.34,5,3,-256.08,,
1.23,5,3,7231.49,,
0.39,5,6,1526.57,,
1.5,3,4,9640.8,,
0.31,5,7,1307.53,,
0.34,5,5,651.92,,
0.34,5,8,2013.92,,
0.33,5,4,113.79,,
0.3,5,3,-592.6,,
0.28,5,5,147.14,,
0.35,3,4,-34.15,,
0.3,5,8,1677.4,,
1.4,5,3,8661.7,,
0.35,4,3,-330.05,,
0.42,4,3,258.86,,
1.75,5,3,11606.25,,
0.42,5,2,-37.04,,
1.26,5,4,7937.88,,
1.25,5,4,7853.75,,
1.01,4,3,5222.53,,
0.23,2,7,160.19,,
1.15,5,4,7012.45,,
1.02,4,2,4852.66,,
0.39,5,8,2434.57,,
0.37,4,7,1654.21,,
0.9,2,3,3980.9,,
0.27,3,7,654.81,,
0.53,4,1,276.29,,
0.57,4,4,1974.81,,
0.76,4,3,3119.28,,
1.02,5,2,5010.76,,
0.58,4,5,2512.94,,
0.7,2,2,1844.3,,
0.32,2,3,-898.64,,
0.72,3,5,3532.66,,
0.73,4,5,3774.89,,
1.02,3,5,6056.56,,
0.4,3,5,840.5,,
0.31,5,4,-54.47,,
1.04,5,5,6541.02,,
0.71,3,5,3448.53,,
0.34,4,7,1401.82,,
0.3,3,7,907.2,,
0.71,4,5,3606.63,,
2.28,4,2,15453.04,,
0.72,3,3,2624.66,,
0.91,2,5,4973.03,,
0.5,3,4,1227.8,,
0.91,4,2,3927.23,,
0.3,5,5,315.4,,
0.41,4,2,-279.27,,
0.71,4,7,4514.63,,
0.92,2,3,4149.16,,
0.3,5,5,315.4,,
0.7,4,3,2614.5,,
2.36,4,2,16126.08,,
0.35,5,8,2098.05,,
0.7,5,4,3226.6,,
0.81,5,5,4606.03,,
0.53,5,2,888.39,,
1.07,5,3,5885.41,,
1.51,3,4,9724.93,,
0.31,5,5,399.53,,
1.61,4,3,10270.33,,
0.3,2,6,295.1,,
0.39,5,6,1526.57,,
0.43,5,6,1863.09,,
1.04,4,3,5474.92,,
0.35,5,5,736.05,,
1.02,3,3,5148.56,,
0.92,5,5,5531.46,,
0.9,3,4,4593,,
0.59,3,3,1530.97,,
1.09,5,3,6053.67,,
0.5,5,5,1998,,
0.81,4,2,3085.93,,
0.54,2,4,1406.22,,
0.52,5,5,2166.26,,
0.92,4,2,4011.36,,
2.12,3,2,13948.86,,
2.01,2,2,12865.33,,
1.2,3,6,8024.9,,
1.18,4,2,6198.74,,
0.61,5,4,2469.43,,
1.06,3,5,6393.08,,
0.42,4,7,2074.86,,
0.51,4,5,1924.03,,
0.3,5,7,1223.4,,
0.31,5,5,399.53,,
1.11,3,3,5905.73,,
0.31,4,6,695.43,,
0.72,5,5,3848.86,,
0.76,3,3,2961.18,,
0.35,4,5,577.95,,
0.8,2,5,4047.6,,
1.02,4,2,4852.66,,
0.7,5,3,2772.6,,
1.13,5,5,7298.19,,
1.01,1,2,4294.23,,
0.57,3,3,1362.71,,
2.01,2,2,12865.33,,
0.52,5,2,804.26,,
1.51,2,3,9112.83,,
1.64,5,6,12042.82,,
0.8,1,2,2527.5,,
0.3,2,5,-158.9,,
0.43,5,8,2771.09,,
0.32,5,5,483.66,,
0.31,5,4,-54.47,,
2.16,5,2,14601.58,,
0.6,5,5,2839.3,,
1.25,3,3,7083.55,,
1.71,4,3,11111.63,,
0.42,5,6,1778.96,,
0.31,2,3,-982.77,,
0.9,2,3,3980.9,,
0.31,2,6,379.23,,
0.55,3,5,2102.45,,
1.32,3,2,7218.46,,
0.79,5,2,3075.77,,
0.4,5,5,1156.7,,
0.31,5,7,1307.53,,
0.7,3,3,2456.4,,
0.9,2,5,4888.9,,
0.36,4,5,662.08,,
0.51,3,5,1765.93,,
0.34,5,3,-256.08,,
0.31,3,3,-824.67,,
0.41,4,5,1082.73,,
1.73,4,3,11279.89,,
0.31,5,8,1761.53,,
0.28,5,6,601.14,,
0.32,3,3,-740.54,,
0.51,3,5,1765.93,,
1.21,5,2,6609.23,,
0.71,3,5,3448.53,,
0.9,3,3,4139,,
0.92,4,5,5373.36,,
0.41,5,5,1240.83,,
1.11,4,2,5609.83,,
0.58,4,5,2512.94,,
0.25,3,5,-421.45,,
1,2,2,4368.2,,
1.01,3,4,5518.43,,
0.37,3,7,1496.11,,
1.15,5,7,8374.45,,
1.2,5,4,7433.1,,
1.5,2,4,9482.7,,
1.5,5,4,9957,,
0.84,2,3,3476.12,,
0.51,4,6,2378.03,,
1.54,5,2,9385.52,,
0.35,2,4,-192.25,,
1.01,4,5,6130.53,,
1.11,3,7,7721.73,,
1.16,4,7,8300.48,,
1.01,1,3,4748.23,,
1.26,5,3,7483.88,,
1.03,5,7,7364.89,,
0.53,5,5,2250.39,,
0.3,5,4,-138.6,,
1.06,4,2,5189.18,,
1.22,4,4,7443.26,,
0.39,3,4,302.37,,
0.7,3,5,3364.4,,
1.5,4,3,9344.9,,
0.72,3,3,2624.66,,
1.03,5,3,5548.89,,
0.31,2,3,-982.77,,
2.51,3,2,17229.93,,
2.63,5,2,18555.69,,
1.27,5,5,8476.01,,
0.81,4,3,3539.93,,
0.9,5,3,4455.2,,
0.33,5,5,567.79,,
1.61,5,4,10882.43,,
0.36,5,5,820.18,,
1.3,4,3,7662.3,,
0.9,1,5,4730.8,,
1,2,3,4822.2,,
1.52,3,2,8901.06,,
0.55,3,5,2102.45,,
1,3,4,5434.3,,
0.34,4,7,1401.82,,
0.53,3,5,1934.19,,
0.7,4,3,2614.5,,
1.18,4,4,7106.74,,
0.42,5,3,416.96,,
2.26,5,2,15442.88,,
0.42,3,5,1008.76,,
0.73,5,4,3478.99,,
0.31,5,5,399.53,,
0.74,5,4,3563.12,,
1.31,4,3,7746.43,,
1.01,2,5,5814.33,,
0.4,4,3,90.6,,
0.4,3,5,840.5,,
1.52,3,5,10263.06,,
0.32,4,3,-582.44,,
0.3,5,3,-592.6,,
0.61,5,4,2469.43,,
2,3,3,13393.3,,
0.51,5,4,1628.13,,
0.7,5,3,2772.6,,
0.91,3,2,3769.13,,
0.71,3,6,3902.53,,
0.42,5,5,1324.96,,
1.56,3,2,9237.58,,
0.33,5,5,567.79,,
0.54,5,4,1880.52,,
0.36,5,3,-87.82,,
1.21,4,4,7359.13,,
0.27,3,5,-253.19,,
2.07,4,3,14140.31,,
0.3,3,5,-0.8,,
0.31,3,7,991.33,,
1.51,4,3,9429.03,,
0.41,4,2,-279.27,,
0.43,5,3,501.09,,
2.02,4,2,13265.66,,
0.71,3,4,2994.53,,
0.25,5,5,-105.25,,
0.3,5,7,1223.4,,
0.48,4,5,1671.64,,
0.73,5,5,3932.99,,
0.35,5,7,1644.05,,
0.73,4,2,2412.89,,
0.72,5,6,4302.86,,
0.6,3,2,1161.1,,
1.5,3,2,8732.8,,
0.31,5,7,1307.53,,
1,2,3,4822.2,,
0.78,2,4,3425.34,,
1.76,5,4,12144.38,,
0.9,4,3,4297.1,,
1,2,5,5730.2,,
0.7,4,3,2614.5,,
0.41,4,6,1536.73,,
0.52,5,4,1712.26,,
0.64,4,2,1655.72,,
0.91,4,3,4381.23,,
0.51,5,5,2082.13,,
0.3,2,6,295.1,,
0.47,2,4,817.31,,
0.71,5,7,4672.73,,
0.31,5,6,853.53,,
0.3,5,6,769.4,,
1,4,3,5138.4,,
0.33,5,5,567.79,,
1.04,4,2,5020.92,,
0.71,3,5,3448.53,,
1.05,3,2,4946.95,,
0.42,5,7,2232.96,,
0.33,3,8,1613.59,,
0.32,4,5,325.56,,
1.01,2,2,4452.33,,
0.5,5,7,2906,,
0.3,4,4,-296.7,,
0.53,5,5,2250.39,,
1.04,5,3,5633.02,,
0.7,5,4,3226.6,,
0.36,4,5,662.08,,
0.27,5,5,63.01,,
0.39,5,5,1072.57,,
0.68,5,4,3058.34,,
0.7,5,5,3680.6,,
0.31,5,8,1761.53,,
0.4,5,4,702.7,,
0.43,5,3,501.09,,
0.24,3,7,402.42,,
1,4,3,5138.4,,
1.61,4,2,9816.33,,
0.3,3,4,-454.8,,
1,5,3,5296.5,,
0.71,4,2,2244.63,,
1.01,5,3,5380.63,,
1,3,2,4526.3,,
0.46,3,5,1345.28,,
0.92,2,4,4603.16,,
1.61,4,3,10270.33,,
0.31,3,6,537.33,,
0.31,5,6,853.53,,
0.77,5,5,4269.51,,
1.2,3,3,6662.9,,
0.78,5,3,3445.64,,
0.4,5,2,-205.3,,
0.56,5,4,2048.78,,
0.31,4,8,1603.43,,
0.41,5,7,2148.83,,
0.32,4,3,-582.44,,
0.38,5,4,534.44,,
0.3,5,5,315.4,,
1.25,5,5,8307.75,,
1.79,4,4,12238.67,,
0.43,5,5,1409.09,,
0.35,5,5,736.05,,
0.31,4,8,1603.43,,
0.71,4,3,2698.63,,
0.51,1,3,541.73,,
0.32,5,5,483.66,,
0.53,5,2,888.39,,
1,3,2,4526.3,,
0.7,5,3,2772.6,,
1.7,3,2,10415.4,,
1.17,5,5,7634.71,,
0.8,3,5,4205.7,,
0.38,4,3,-77.66,,
0.3,5,2,-1046.6,,
0.55,5,3,1510.65,,
0.7,1,4,2594.2,,
0.31,5,5,399.53,,
2.01,3,1,12569.43,,
0.63,5,2,1729.69,,
0.7,1,4,2594.2,,
1.59,5,5,11168.17,,
0.38,5,3,80.44,,
0.5,5,6,2452,,
1,2,4,5276.2,,
0.52,5,3,1258.26,,
0.31,5,5,399.53,,
0.41,4,5,1082.73,,
1.21,4,2,6451.13,,
0.64,4,5,3017.72,,
0.7,3,5,3364.4,,
0.31,2,5,-74.77,,
0.82,5,7,5598.16,,
1.06,5,2,5347.28,,
0.54,3,3,1110.32,,
1.52,3,2,8901.06,,
1.5,3,6,10548.8,,
0.59,3,4,1984.97,,
1.17,3,3,6410.51,,
0.8,5,3,3613.9,,
1.03,4,2,4936.79,,
0.51,5,7,2990.13,,
0.73,5,2,2570.99,,
0.51,5,3,1174.13,,
0.31,4,5,241.43,,
0.38,3,4,218.24,,
1.52,2,5,10104.96,,
1.24,4,8,9427.52,,
1.02,5,3,5464.76,,
0.3,5,6,769.4,,
0.39,4,5,914.47,,
0.76,2,5,3711.08,,
0.52,4,5,2008.16,,
1.02,4,5,6214.66,,
0.4,5,5,1156.7,,
0.52,5,6,2620.26,,
0.52,3,5,1850.06,,
0.63,4,3,2025.59,,
0.32,4,6,779.56,,
0.4,4,6,1452.6,,
0.74,5,2,2655.12,,
1.07,5,2,5431.41,,
3.01,2,2,21278.33,,
0.31,4,6,695.43,,
0.54,5,7,3242.52,,
0.7,3,3,2456.4,,
2.48,4,3,17589.64,,
0.3,5,5,315.4,,
0.9,2,2,3526.9,,
0.33,4,7,1317.69,,
1.3,4,5,8570.3,,
1.14,2,2,5546.02,,
0.62,5,7,3915.56,,
0.31,4,4,-212.57,,
0.3,5,8,1677.4,,
1.02,5,3,5464.76,,
0.53,5,5,2250.39,,
1.08,4,2,5357.44,,
1.01,4,2,4768.53,,
1.13,1,2,5303.79,,
1.7,5,5,12093.6,,
0.42,5,4,870.96,,
1.08,5,4,6423.54,,
0.77,4,5,4111.41,,
1.11,5,5,7129.93,,
1.12,5,2,5852.06,,
1.2,4,4,7275,,
1.02,3,4,5602.56,,
0.33,5,6,1021.79,,
0.31,3,7,991.33,,
1.25,4,3,7241.65,,
1.25,4,5,8149.65,,
0.3,5,6,769.4,,
1.11,5,5,7129.93,,
0.61,5,5,2923.43,,
1.26,3,3,7167.68,,
0.32,5,3,-424.34,,
1.5,4,4,9798.9,,
0.39,5,3,164.57,,
1.73,4,2,10825.89,,
1,5,2,4842.5,,
2.39,3,4,17128.37,,
1.52,4,3,9513.16,,
0.33,5,2,-794.21,,
0.31,5,7,1307.53,,
1.2,3,3,6662.9,,
0.36,5,6,1274.18,,
0.31,5,5,399.53,,
0.37,5,5,904.31,,
2.59,5,4,19127.17,,
0.56,5,5,2502.78,,
1.01,4,3,5222.53,,
0.71,5,3,2856.73,,
0.4,3,2,-521.5,,
1.02,5,3,5464.76,,
0.38,3,2,-689.76,,
1.01,4,2,4768.53,,
0.84,5,5,4858.42,,
0.83,4,3,3708.19,,
0.31,4,6,695.43,,
2.01,4,2,13181.53,,
0.43,5,7,2317.09,,
0.34,5,5,651.92,,
0.33,5,4,113.79,,
1,3,2,4526.3,,
0.28,5,3,-760.86,,
0.4,5,6,1610.7,,
1.08,5,3,5969.54,,
1.19,1,3,6262.57,,
1.51,3,4,9724.93,,
0.91,3,2,3769.13,,
0.43,4,5,1250.99,,
1.01,5,5,6288.63,,
0.53,5,5,2250.39,,
0.33,3,7,1159.59,,
1.11,4,2,5609.83,,
1.02,4,4,5760.66,,
1.01,4,3,5222.53,,
0.9,4,3,4297.1,,
1.03,5,6,6910.89,,
0.42,5,6,1778.96,,
0.51,5,4,1628.13,,
0.71,5,6,4218.73,,
1.6,5,5,11252.3,,
0.64,3,5,2859.62,,
1.07,4,3,5727.31,,
0.63,5,3,2183.69,,
0.43,4,5,1250.99,,
0.34,4,5,493.82,,
0.3,2,4,-612.9,,
1,3,3,4980.3,,
1.01,3,5,5972.43,,
1.23,2,3,6757.19,,
1.02,4,3,5306.66,,
2.01,1,2,12707.23,,
0.82,5,2,3328.16,,
0.32,5,5,483.66,,
0.71,4,3,2698.63,,
0.4,3,2,-521.5,,
0.4,3,8,2202.5,,
0.51,5,5,2082.13,,
0.32,2,5,9.36,,
0.42,5,6,1778.96,,
0.32,3,4,-286.54,,
1.66,4,6,12052.98,,
1.56,3,3,9691.58,,
1.5,3,1,8278.8,,
0.31,5,8,1761.53,,
0.7,2,5,3206.3,,
0.7,5,3,2772.6,,
0.72,5,2,2486.86,,
0.52,5,2,804.26,,
0.41,3,7,1832.63,,
0.9,3,4,4593,,
2.06,5,5,15122.28,,
0.72,5,4,3394.86,,
0.38,4,5,830.34,,
0.51,5,5,2082.13,,
0.31,4,7,1149.43,,
0.71,3,3,2540.53,,
2.22,5,5,16468.36,,
1.24,5,6,8677.62,,
1.02,4,5,6214.66,,
0.78,5,6,4807.64,,
0.34,2,3,-730.38,,
1.25,4,2,6787.65,,
0.71,5,4,3310.73,,
0.7,4,3,2614.5,,
0.3,4,5,157.3,,
1.03,5,3,5548.89,,
0.53,5,5,2250.39,,
0.4,4,6,1452.6,,
0.57,4,4,1974.81,,
1.01,1,3,4748.23,,
0.71,2,4,2836.43,,
1.21,5,4,7517.23,,
1.54,4,2,9227.42,,
0.32,4,4,-128.44,,
0.93,4,5,5457.49,,
0.71,4,5,3606.63,,
2.33,5,5,17393.79,,
0.52,4,3,1100.16,,
2.01,4,2,13181.53,,
0.53,5,5,2250.39,,
0.57,4,5,2428.81,,
0.58,2,3,1288.74,,
0.31,4,5,241.43,,
0.31,2,7,833.23,,
0.34,5,5,651.92,,
1.01,2,2,4452.33,,
1.08,5,4,6423.54,,
0.33,5,4,113.79,,
1.11,3,4,6359.73,,
0.3,5,5,315.4,,
1.01,3,4,5518.43,,
1.73,2,1,10055.69,,
1.5,4,2,8890.9,,
1.02,4,7,7122.66,,
0.34,5,8,2013.92,,
1.04,2,2,4704.72,,
0.5,5,5,1998,,
0.41,5,5,1240.83,,
1.02,4,3,5306.66,,
0.5,4,4,1385.9,,
0.66,5,3,2436.08,,
0.42,4,7,2074.86,,
0.3,3,5,-0.8,,
1.01,3,2,4610.43,,
0.7,1,2,1686.2,,
0.45,2,7,2011.05,,
1.01,5,4,5834.63,,
0.74,1,3,2476.72,,
1.45,1,2,7995.95,,
0.3,5,3,-592.6,,
1.62,5,5,11420.56,,
0.9,2,2,3526.9,,
0.31,4,5,241.43,,
1.03,4,1,4482.79,,
0.3,4,5,157.3,,
0.25,3,6,32.55,,
0.31,4,4,-212.57,,
1,4,2,4684.4,,
0.9,3,2,3685,,
1,3,3,4980.3,,
0.5,3,3,773.8,,
1.91,5,2,12498.33,,
0.5,4,4,1385.9,,
1.03,5,2,5094.89,,
1.1,3,4,6275.6,,
1.51,5,2,9133.13,,
0.67,5,2,2066.21,,
1.35,1,3,7608.65,,
1.02,3,6,6510.56,,
0.31,3,7,991.33,,
0.79,3,5,4121.57,,
0.3,5,6,769.4,,
0.52,3,4,1396.06,,
0.33,3,5,251.59,,
1.2,5,5,7887.1,,
0.78,4,2,2833.54,,
0.41,5,6,1694.83,,
0.4,4,3,90.6,,
0.42,5,5,1324.96,,
0.52,3,6,2304.06,,
0.76,5,2,2823.38,,
1.11,4,2,5609.83,,
1.04,5,7,7449.02,,
0.41,3,6,1378.63,,
0.33,5,6,1021.79,,
0.3,5,3,-592.6,,
0.32,4,5,325.56,,
0.34,2,3,-730.38,,
0.56,4,7,3252.68,,
0.7,4,2,2160.5,,
0.33,4,8,1771.69,,
0.26,4,7,728.78,,
1,2,2,4368.2,,
0.35,5,7,1644.05,,
1.01,4,3,5222.53,,
2.04,4,3,13887.92,,
0.55,5,2,1056.65,,
0.26,3,4,-791.32,,
0.41,3,4,470.63,,
0.41,5,6,1694.83,,
0.32,5,4,29.66,,
0.36,5,5,820.18,,
0.73,3,2,2254.79,,
0.33,4,8,1771.69,,
0.72,3,6,3986.66,,
0.4,2,3,-225.6,,
1.28,5,7,9468.14,,
0.38,5,7,1896.44,,
1.24,5,5,8223.62,,
1.5,2,2,8574.7,,
1.5,2,3,9028.7,,
2.01,5,3,13793.63,,
1.1,5,4,6591.8,,
0.5,2,5,1523.7,,
1.5,4,3,9344.9,,
1.5,4,6,10706.9,,
1.06,5,6,7163.28,,
0.56,3,6,2640.58,,
0.95,2,2,3947.55,,
0.31,4,7,1149.43,,
1.05,3,3,5400.95,,
2.01,5,2,13339.63,,
0.31,3,3,-824.67,,
0.56,5,4,2048.78,,
0.3,5,5,315.4,,
0.7,5,6,4134.6,,
1.5,3,2,8732.8,,
0.38,5,7,1896.44,,
0.3,3,3,-908.8,,
0.71,4,2,2244.63,,
1,5,3,5296.5,,
1.22,4,3,6989.26,,
1.51,5,6,10949.13,,
2.01,5,3,13793.63,,
0.36,4,6,1116.08,,
0.42,5,4,870.96,,
0.91,4,5,5289.23,,
1.29,2,5,8169.97,,
1.01,3,3,5064.43,,
1.63,5,1,9688.69,,
2,2,3,13235.2,,
2.53,4,3,18010.29,,
1.03,1,3,4916.49,,
0.35,5,8,2098.05,,
1.02,2,2,4536.46,,
1.51,4,1,8521.03,,
1.56,5,4,10461.78,,
0.23,3,7,318.29,,
0.66,2,4,2415.78,,
0.91,4,5,5289.23,,
0.31,3,3,-824.67,,
0.44,5,6,1947.22,,
0.4,2,3,-225.6,,
0.9,3,3,4139,,
0.59,3,4,1984.97,,
0.41,5,6,1694.83,,
1.01,3,4,5518.43,,
0.52,3,3,942.06,,
0.37,4,3,-161.79,,
1.51,4,3,9429.03,,
2.01,3,3,13477.43,,
2.05,4,2,13518.05,,
1.21,4,3,6905.13,,
1.01,3,4,5518.43,,
0.23,2,6,-293.81,,
1.5,1,1,7962.6,,
0.73,5,4,3478.99,,
0.73,3,5,3616.79,,
0.56,1,3,962.38,,
0.33,4,4,-44.31,,
1.71,5,3,11269.73,,
2.15,5,2,14517.45,,
1.31,5,3,7904.53,,
0.9,2,3,3980.9,,
0.38,5,4,534.44,,
0.4,4,7,1906.6,,
1.03,3,4,5686.69,,
0.39,3,7,1664.37,,
0.42,5,5,1324.96,,
0.58,5,2,1309.04,,
1,1,2,4210.1,,
0.31,3,4,-370.67,,
1.5,4,2,8890.9,,
0.7,2,6,3660.3,,
1.5,4,3,9344.9,,
1.5,3,3,9186.8,,
1.55,5,5,10831.65,,
0.33,4,4,-44.31,,
1.23,5,5,8139.49,,
0.57,3,3,1362.71,,
1.72,4,1,10287.76,,
1,4,4,5592.4,,
1.28,5,1,6744.14,,
0.38,5,5,988.44,,
0.9,3,2,3685,,
1.51,3,6,10632.93,,
0.52,4,3,1100.16,,
0.31,5,7,1307.53,,
0.28,3,6,284.94,,
0.7,3,3,2456.4,,
1.51,3,5,10178.93,,
1.05,3,8,7670.95,,
1,4,6,6500.4,,
1.51,3,6,10632.93,,
1.21,3,3,6747.03,,
0.34,5,4,197.92,,
0.9,4,3,4297.1,,
1.3,5,3,7820.4,,
0.42,5,4,870.96,,
0.74,5,3,3109.12,,
1.02,5,4,5918.76,,
0.3,5,5,315.4,,
0.4,3,6,1294.5,,
0.3,4,3,-750.7,,
0.3,5,5,315.4,,
2.01,1,2,12707.23,,
1.35,4,5,8990.95,,
1.03,5,2,5094.89,,
1.01,2,3,4906.33,,
0.71,3,5,3448.53,,
0.38,5,7,1896.44,,
0.5,2,2,161.7,,
0.54,4,4,1722.42,,
0.73,5,7,4840.99,,
1.01,1,2,4294.23,,
0.51,4,5,1924.03,,
1.01,2,5,5814.33,,
2.03,4,4,14257.79,,
0.34,5,6,1105.92,,
0.54,5,6,2788.52,,
0.7,2,4,2752.3,,
1.52,2,3,9196.96,,
0.31,5,3,-508.47,,
0.4,3,7,1748.5,,
0.5,4,3,931.9,,
1.02,3,2,4694.56,,
0.5,3,4,1227.8,,
1.21,3,3,6747.03,,
0.54,2,4,1406.22,,
1.01,5,3,5380.63,,
0.32,5,5,483.66,,
0.9,4,5,5205.1,,
1.5,5,6,10865,,
0.33,4,7,1317.69,,
0.5,3,5,1681.8,,
0.71,5,2,2402.73,,
0.72,4,5,3690.76,,
1.08,3,2,5199.34,,
0.55,5,3,1510.65,,
0.33,4,5,409.69,,
0.3,3,6,453.2,,
0.41,5,7,2148.83,,
0.35,4,3,-330.05,,
1.51,3,4,9724.93,,
0.82,2,3,3307.86,,
1.18,4,3,6652.74,,
0.4,4,4,544.6,,
0.31,5,5,399.53,,
0.3,4,3,-750.7,,
2.05,4,2,13518.05,,
0.7,3,3,2456.4,,
0.42,3,3,100.76,,
1.06,5,2,5347.28,,
0.29,3,6,369.07,,
0.73,5,4,3478.99,,
1.03,3,3,5232.69,,
0.74,5,3,3109.12,,
1.18,4,1,5744.74,,
0.9,4,4,4751.1,,
1.41,4,3,8587.73,,
1.03,5,6,6910.89,,
1.02,4,5,6214.66,,
0.7,5,2,2318.6,,
0.32,5,5,483.66,,
0.43,5,7,2317.09,,
0.5,3,2,319.8,,
0.28,3,6,284.94,,
0.36,5,5,820.18,,
1.51,3,3,9270.93,,
0.52,5,5,2166.26,,
1.05,5,3,5717.15,,
0.34,3,3,-572.28,,
0.4,5,5,1156.7,,
2.14,5,2,14433.32,,
2,4,4,14005.4,,
0.92,4,2,4011.36,,
1.55,4,2,9311.55,,
1.04,5,5,6541.02,,
1.02,5,3,5464.76,,
2.01,3,3,13477.43,,
1.51,1,5,9862.73,,
0.3,5,6,769.4,,
1.01,5,5,6288.63,,
1.05,4,4,6013.05,,
1.22,5,6,8509.36,,
0.75,4,3,3035.15,,
0.44,5,3,585.22,,
0.33,5,4,113.79,,
0.72,5,5,3848.86,,
0.81,4,2,3085.93,,
0.3,5,3,-592.6,,
0.7,3,3,2456.4,,
1.72,4,3,11195.76,,
1,4,3,5138.4,,
0.3,3,3,-908.8,,
0.28,5,6,601.14,,
0.72,3,4,3078.66,,
0.31,4,3,-666.57,,
1.54,4,2,9227.42,,
0.31,5,3,-508.47,,
0.37,4,6,1200.21,,
0.38,5,5,988.44,,
0.9,1,1,2914.8,,
1,4,3,5138.4,,
0.33,3,7,1159.59,,
1.03,3,2,4778.69,,
0.42,3,2,-353.24,,
0.62,5,6,3461.56,,
0.9,5,3,4455.2,,
1.18,3,2,6040.64,,
0.41,5,5,1240.83,,
0.25,3,6,32.55,,
0.36,4,2,-699.92,,
0.51,5,2,720.13,,
1.19,4,5,7644.87,,
0.5,4,3,931.9,,
0.41,3,2,-437.37,,
1.5,4,5,10252.9,,
0.51,3,3,857.93,,
0.7,5,7,4588.6,,
0.36,5,3,-87.82,,
0.77,4,3,3203.41,,
0.7,2,2,1844.3,,
0.46,5,2,299.48,,
0.95,2,6,5763.55,,
0.83,5,4,4320.29,,
0.7,3,4,2910.4,,
1.14,3,2,5704.12,,
1.18,2,2,5882.54,,
0.33,5,7,1475.79,,
0.23,5,2,-1635.51,,
0.92,5,2,4169.46,,
0.33,5,3,-340.21,,
1.05,3,7,7216.95,,
0.52,5,5,2166.26,,
1.18,4,5,7560.74,,
1.07,4,5,6635.31,,
1.02,3,5,6056.56,,
1.52,4,4,9967.16,,
0.31,5,4,-54.47,,
1.2,4,3,6821,,
0.32,4,3,-582.44,,
0.7,4,5,3522.5,,
0.35,5,5,736.05,,
0.51,5,4,1628.13,,
1.05,5,3,5717.15,,
0.35,5,3,-171.95,,
0.31,4,5,241.43,,
0.3,5,8,1677.4,,
0.61,5,6,3377.43,,
0.6,4,3,1773.2,,
0.35,3,5,419.85,,
0.51,5,4,1628.13,,
0.71,5,4,3310.73,,
1.11,4,3,6063.83,,
0.33,5,6,1021.79,,
0.7,5,5,3680.6,,
1.2,5,6,8341.1,,
0.31,5,3,-508.47,,
0.36,5,3,-87.82,,
0.91,3,3,4223.13,,
1,3,5,5888.3,,
0.9,3,4,4593,,
0.52,4,7,2916.16,,
1.06,5,6,7163.28,,
0.31,2,5,-74.77,,
0.7,5,3,2772.6,,
1.23,5,2,6777.49,,
0.52,5,5,2166.26,,
0.31,4,5,241.43,,
1,3,8,7250.3,,
0.3,3,4,-454.8,,
1.27,5,3,7568.01,,
0.26,5,4,-475.12,,
0.71,4,3,2698.63,,
0.5,2,3,615.7,,
0.34,4,4,39.82,,
1.02,4,5,6214.66,,
1.51,3,4,9724.93,,
1.08,3,7,7469.34,,
1.16,1,2,5556.18,,
0.91,3,5,5131.13,,
1.33,4,2,7460.69,,
0.92,3,3,4307.26,,
0.46,5,8,3023.48,,
0.33,4,4,-44.31,,
1.01,4,2,4768.53,,
1.04,4,2,5020.92,,
0.73,5,6,4386.99,,
0.42,4,5,1166.86,,
0.46,1,4,575.08,,
0.78,1,2,2359.24,,
1,4,5,6046.4,,
0.71,5,8,5126.73,,
0.33,4,5,409.69,,
0.71,4,3,2698.63,,
0.91,4,2,3927.23,,
2.23,4,5,16394.39,,
0.7,5,5,3680.6,,
1.13,4,4,6686.09,,
1.75,5,5,12514.25,,
1.21,4,3,6905.13,,
0.7,3,5,3364.4,,
1.01,2,3,4906.33,,
0.36,5,5,820.18,,
0.72,3,2,2170.66,,
1.62,3,5,11104.36,,
1.19,5,6,8256.97,,
1.01,3,3,5064.43,,
0.7,4,4,3068.5,,
1.03,5,5,6456.89,,
0.54,1,3,794.12,,
0.9,3,2,3685,,
0.4,5,8,2518.7,,
0.51,4,5,1924.03,,
0.53,4,5,2092.29,,
0.5,4,5,1839.9,,
0.36,5,3,-87.82,,
0.64,2,3,1793.52,,
0.9,5,7,6271.2,,
0.35,5,3,-171.95,,
0.3,2,6,295.1,,
1,4,3,5138.4,,
0.59,5,3,1847.17,,
0.71,2,2,1928.43,,
0.7,3,4,2910.4,,
0.31,4,3,-666.57,,
1.57,5,3,10091.91,,
0.9,5,3,4455.2,,
0.59,5,3,1847.17,,
0.26,3,4,-791.32,,
0.41,5,6,1694.83,,
0.4,3,4,386.5,,
0.53,3,5,1934.19,,
0.7,5,3,2772.6,,
0.32,4,3,-582.44,,
0.7,2,4,2752.3,,
0.7,3,5,3364.4,,
0.9,2,3,3980.9,,
0.33,4,5,409.69,,
1.15,2,2,5630.15,,
1.01,3,5,5972.43,,
0.32,5,8,1845.66,,
2.33,3,2,15715.59,,
0.79,3,3,3213.57,,
1.21,5,3,7063.23,,
0.75,3,3,2877.05,,
0.4,5,3,248.7,,
1.23,2,4,7211.19,,
1.08,4,3,5811.44,,
0.28,3,4,-623.06,,
0.54,3,5,2018.32,,
1.09,4,5,6803.57,,
0.28,3,6,284.94,,
1.2,4,2,6367,,
1,5,3,5296.5,,
0.36,5,3,-87.82,,
0.6,3,3,1615.1,,
1.71,4,3,11111.63,,
0.33,5,5,567.79,,
0.3,5,7,1223.4,,
0.71,5,2,2402.73,,
0.31,5,8,1761.53,,
0.32,5,6,937.66,,
0.66,5,3,2436.08,,
1.5,2,2,8574.7,,
0.38,4,5,830.34,,
1.22,4,5,7897.26,,
1.53,3,4,9893.19,,
0.3,5,3,-592.6,,
1.79,4,5,12692.67,,
1.02,5,1,4556.76,,
0.3,5,6,769.4,,
0.75,5,3,3193.25,,
0.54,5,3,1426.52,,
0.7,1,2,1686.2,,
1.25,5,3,7399.75,,
0.82,5,3,3782.16,,
1.01,3,5,5972.43,,
1.15,3,2,5788.25,,
1.67,5,5,11841.21,,
1.01,3,5,5972.43,,
0.39,3,5,756.37,,
1.22,5,4,7601.36,,
1.01,2,3,4906.33,,
2,3,5,14301.3,,
0.54,5,5,2334.52,,
0.9,4,3,4297.1,,
0.32,3,3,-740.54,,
0.54,3,3,1110.32,,
0.5,4,3,931.9,,
1.51,4,6,10791.03,,
1.01,3,5,5972.43,,
0.77,2,2,2433.21,,
0.7,1,2,1686.2,,
0.31,5,5,399.53,,
2.18,4,2,14611.74,,
0.3,3,4,-454.8,,
0.53,5,3,1342.39,,
0.9,3,3,4139,,
1.13,5,3,6390.19,,
0.4,4,2,-363.4,,
0.5,3,5,1681.8,,
0.37,5,7,1812.31,,
1.12,3,5,6897.86,,
1.28,5,3,7652.14,,
0.66,3,7,3935.88,,
0.71,2,3,2382.43,,
0.4,4,4,544.6,,
1.28,5,3,7652.14,,
0.42,4,2,-195.14,,
1,3,2,4526.3,,
0.41,4,4,628.73,,
0.52,3,4,1396.06,,
0.46,5,7,2569.48,,
1.5,3,5,10094.8,,
1.13,3,5,6981.99,,
0.3,3,3,-908.8,,
2,3,2,12939.3,,
1.68,5,5,11925.34,,
0.3,5,3,-592.6,,
0.81,4,4,3993.93,,
0.35,3,3,-488.15,,
1.54,5,2,9385.52,,
0.32,5,7,1391.66,,
0.9,5,3,4455.2,,
0.79,5,4,3983.77,,
0.5,5,2,636,,
1.09,5,3,6053.67,,
0.33,3,5,251.59,,
0.38,2,5,514.14,,
0.31,5,5,399.53,,
1.21,3,2,6293.03,,
1.19,5,2,6440.97,,
0.55,5,6,2872.65,,
0.7,5,3,2772.6,,
0.39,3,7,1664.37,,
1.66,5,2,10395.08,,
1.1,5,3,6137.8,,
1.21,3,2,6293.03,,
0.3,3,4,-454.8,,
0.86,2,2,3190.38,,
0.3,5,4,-138.6,,
1.22,5,4,7601.36,,
0.3,4,3,-750.7,,
1.2,5,4,7433.1,,
0.31,5,7,1307.53,,
2.01,3,5,14385.43,,
0.37,5,3,-3.69,,
0.31,4,4,-212.57,,
0.3,5,3,-592.6,,
0.31,5,6,853.53,,
0.27,3,7,654.81,,
0.32,5,6,937.66,,
0.33,5,8,1929.79,,
1.86,3,2,11761.48,,
0.72,5,4,3394.86,,
1.05,5,3,5717.15,,
1.02,4,5,6214.66,,
1.04,3,3,5316.82,,
0.95,3,6,5921.65,,
0.3,5,6,769.4,,
0.27,3,4,-707.19,,
0.32,4,5,325.56,,
1.28,5,3,7652.14,,
1.31,4,3,7746.43,,
0.3,4,3,-750.7,,
1.51,5,4,10041.13,,
0.36,5,5,820.18,,
0.73,4,3,2866.89,,
0.33,5,8,1929.79,,
1,4,2,4684.4,,
0.31,5,8,1761.53,,
0.56,5,5,2502.78,,
0.32,4,6,779.56,,
1.53,4,7,11413.29,,
0.52,3,3,942.06,,
0.42,5,7,2232.96,,
0.3,5,5,315.4,,
1,3,5,5888.3,,
0.44,2,5,1018.92,,
1.01,2,5,5814.33,,
0.31,5,4,-54.47,,
2.28,4,2,15453.04,,
0.5,4,5,1839.9,,
0.5,5,6,2452,,
0.36,3,3,-404.02,,
0.7,5,3,2772.6,,
0.4,4,2,-363.4,,
0.52,2,5,1691.96,,
1.02,5,2,5010.76,,
0.76,3,6,4323.18,,
2.03,5,2,13507.89,,
1.51,4,5,10337.03,,
0.61,3,3,1699.23,,
1,4,5,6046.4,,
1.07,4,2,5273.31,,
1.21,3,4,7201.03,,
0.46,1,4,575.08,,
0.79,2,5,3963.47,,
0.32,5,6,937.66,,
0.4,5,5,1156.7,,
0.51,1,5,1449.73,,
1.05,4,4,6013.05,,
0.43,3,3,184.89,,
0.3,5,6,769.4,,
1.51,4,3,9429.03,,
1.54,5,5,10747.52,,
1.16,5,5,7550.58,,
1.01,4,3,5222.53,,
1.01,3,5,5972.43,,
0.83,4,3,3708.19,,
0.93,3,5,5299.39,,
1.2,3,2,6208.9,,
0.8,5,6,4975.9,,
1.11,5,6,7583.93,,
1.31,4,2,7292.43,,
1.11,2,3,5747.63,,
1.1,2,2,5209.5,,
1.22,4,2,6535.26,,
0.72,5,2,2486.86,,
1.09,4,5,6803.57,,
1.05,3,3,5400.95,,
0.7,1,3,2140.2,,
1.01,3,3,5064.43,,
