carat,cut_ord,clarity_ord,price,sum
1.22,4,3,6356.86,9879642.16
1.01,2,5,5498.13,6915749.512
0.71,3,5,2974.23,
1.01,5,2,4136.13,
0.27,5,6,-273.49,
0.52,4,4,921.76,
1.01,4,3,4590.13,
0.59,5,3,1056.67,
1.01,2,3,4590.13,
2.03,5,2,12717.39,
1.35,4,5,8358.55,
0.74,5,3,2318.62,
0.9,4,3,3664.7,
0.3,2,5,-475.1,
1.01,2,5,5498.13,
1.02,2,2,4220.26,
2.05,4,3,13339.65,
0.54,5,3,636.02,
0.72,5,5,3058.36,
2,4,2,12465,
1.57,4,2,8847.41,
0.89,4,3,3580.57,
0.33,4,6,231.29,
0.3,3,8,886.9,
1.79,3,5,12060.27,
1.11,5,2,4977.43,
0.79,4,3,2739.27,
0.71,3,3,2066.23,
0.73,5,3,2234.49,
0.9,3,5,4572.7,
1.31,2,4,7568.03,
1.01,5,2,4136.13,
0.35,4,3,-962.45,
0.41,4,5,450.33,
0.32,4,5,-306.84,
0.38,5,4,-256.06,
1.21,4,2,5818.73,
1,4,3,4506,
0.56,5,5,1712.28,
1,2,3,4506,
0.32,4,7,601.16,
1.7,5,3,10395.1,
2.26,3,2,14652.38,
0.32,4,5,-306.84,
0.4,3,7,1274.2,
2.13,3,2,13558.69,
0.7,4,5,2890.1,
2.01,4,3,13003.13,
1.15,4,3,5767.95,
0.71,5,4,2520.23,
1.35,4,6,8812.55,
0.51,5,3,383.63,
0.34,5,8,1223.42,
1.58,5,4,9839.54,
2.05,2,2,12885.65,
0.41,5,4,-3.67,
0.6,1,3,1140.8,
0.31,5,8,971.03,
0.64,3,3,1477.32,
0.71,4,3,2066.23,
0.55,5,5,1628.15,
1.26,3,6,8055.38,
1.03,4,4,5212.39,
1.01,4,2,4136.13,
0.25,3,6,-441.75,
0.9,4,3,3664.7,
0.45,4,4,332.85,
0.3,5,8,886.9,
0.9,2,2,3210.7,
0.8,3,5,3731.4,
0.33,4,4,-676.71,
0.71,5,3,2066.23,
0.7,4,3,1982.1,
0.78,5,2,2201.14,
0.7,3,2,1528.1,
0.38,5,6,651.94,
0.54,4,5,1544.02,
0.25,2,6,-441.75,
2.5,2,5,18033.5,
0.72,2,4,2604.36,
0.41,5,5,450.33,
2.03,5,2,12717.39,
1.24,4,3,6525.12,
0.92,4,2,3378.96,
1,1,2,4052,
0.57,5,4,1342.41,
0.54,5,3,636.02,
1.08,4,2,4725.04,
0.54,3,7,2452.02,
0.63,3,5,2301.19,
1.58,4,3,9385.54,
0.3,3,5,-475.1,
1.56,5,6,10579.28,
0.26,3,6,-357.62,
0.57,5,5,1796.41,
0.39,5,8,1644.07,
1.13,3,2,5145.69,
1.09,5,3,5263.17,
1.52,5,2,8426.76,
1.01,3,4,5044.13,
1.21,4,2,5818.73,
0.5,5,3,299.5,
1.33,4,2,6828.29,
0.52,3,5,1375.76,
0.33,5,2,-1584.71,
1.06,4,2,4556.78,
0.9,4,2,3210.7,
0.92,5,4,4286.96,
1.54,4,5,9957.02,
1,4,2,4052,
1.2,5,4,6642.6,
1,5,3,4506,
0.33,3,3,-1130.71,
0.38,5,8,1559.94,
0.55,5,6,2082.15,
0.31,4,5,-390.97,
1.13,5,4,6053.69,
0.33,4,3,-1130.71,
1.03,4,5,5666.39,
0.53,3,3,551.89,
1,2,1,3598,
0.8,3,4,3277.4,
1.25,2,2,6155.25,
0.5,3,3,299.5,
0.56,5,5,1712.28,
0.46,5,5,870.98,
2.1,4,2,13306.3,
0.77,5,3,2571.01,
0.53,4,5,1459.89,
0.75,3,4,2856.75,
0.41,4,6,904.33,
0.41,5,7,1358.33,
0.51,5,5,1291.63,
0.34,4,5,-138.58,
0.51,5,2,-70.37,
0.3,4,3,-1383.1,
1.5,2,2,8258.5,
1.01,3,2,4136.13,
1.1,5,4,5801.3,
0.5,2,3,299.5,
1,2,6,5868,
1.22,5,4,6810.86,
1.51,5,2,8342.63,
0.31,5,7,517.03,
0.95,4,2,3631.35,
1.06,3,2,4556.78,
1.39,4,5,8695.07,
1.01,3,5,5498.13,
0.72,4,3,2150.36,
0.51,4,4,837.63,
1.5,3,2,8258.5,
0.7,4,7,3798.1,
1.01,4,2,4136.13,
0.3,5,3,-1383.1,
1.29,4,3,6945.77,
1.01,3,5,5498.13,
0.33,5,5,-222.71,
1.53,4,2,8510.89,
0.85,4,2,2790.05,
0.33,5,5,-222.71,
0.6,5,7,2956.8,
0.63,4,4,1847.19,
1.04,4,2,4388.52,
2.01,3,2,12549.13,
0.71,4,3,2066.23,
0.3,3,6,-21.1,
1.74,5,4,11185.62,
1.06,5,3,5010.78,
0.7,1,3,1982.1,
1.52,3,5,9788.76,
0.41,5,5,450.33,
1.22,5,4,6810.86,
0.37,4,3,-794.19,
0.3,4,3,-1383.1,
0.54,4,3,636.02,
0.37,5,5,113.81,
1.5,4,6,10074.5,
0.62,3,5,2217.06,
1.33,4,2,6828.29,
1.51,3,2,8342.63,
0.31,5,7,517.03,
0.38,5,2,-1164.06,
0.31,5,4,-844.97,
0.34,4,6,315.42,
0.75,2,2,1948.75,
0.28,3,6,-189.36,
1.23,3,2,5986.99,
0.75,2,3,2402.75,
1.11,5,6,6793.43,
2.07,3,3,13507.91,
1,4,3,4506,
0.79,5,3,2739.27,
0.31,5,4,-844.97,
0.31,4,7,517.03,
1,5,3,4506,
0.41,4,4,-3.67,
0.51,4,3,383.63,
1.91,3,3,12161.83,
1.19,3,5,7012.47,
0.32,4,7,601.16,
0.55,5,2,266.15,
0.32,5,8,1055.16,
1.09,5,2,4809.17,
0.9,3,7,5480.7,
0.74,5,5,3226.62,
0.9,3,5,4572.7,
0.76,5,4,2940.88,
0.73,5,2,1780.49,
0.52,2,3,467.76,
0.73,4,3,2234.49,
0.76,4,5,3394.88,
0.48,2,4,585.24,
1.5,1,3,8712.5,
0.37,3,3,-794.19,
0.43,4,5,618.59,
0.58,5,6,2334.54,
1.01,5,3,4590.13,
0.28,5,4,-1097.36,
0.53,3,4,1005.89,
0.9,3,5,4572.7,
0.3,5,7,432.9,
1.51,4,2,8342.63,
1.01,4,2,4136.13,
0.31,5,5,-390.97,
0.66,5,5,2553.58,
0.56,4,3,804.28,
0.28,3,6,-189.36,
0.55,5,2,266.15,
0.29,5,8,802.77,
0.36,5,4,-424.32,
0.31,5,3,-1298.97,
0.58,3,6,2334.54,
0.4,4,2,-995.8,
0.29,5,4,-1013.23,
0.62,3,4,1763.06,
0.73,5,2,1780.49,
2.01,3,2,12549.13,
0.7,3,1,1074.1,
0.54,2,2,182.02,
0.3,1,6,-21.1,
0.38,5,7,1105.94,
0.7,4,4,2436.1,
0.82,5,2,2537.66,
0.41,5,6,904.33,
0.64,5,8,3747.32,
1.01,3,4,5044.13,
0.58,3,5,1880.54,
0.34,5,4,-592.58,
0.85,5,4,3698.05,
0.91,2,2,3294.83,
0.91,4,2,3294.83,
0.5,1,5,1207.5,
1,4,5,5414,
1.5,3,3,8712.5,
1.26,5,4,7147.38,
0.35,4,2,-1416.45,
1.09,4,5,6171.17,
0.3,5,5,-475.1,
0.27,5,4,-1181.49,
0.32,5,6,147.16,
1.09,4,4,5717.17,
0.4,4,3,-541.8,
1.04,5,6,6204.52,
0.51,4,5,1291.63,
0.73,5,3,2234.49,
1.01,2,2,4136.13,
1.34,5,5,8274.42,
0.52,5,6,1829.76,
1.21,2,4,6726.73,
0.35,5,4,-508.45,
0.7,5,6,3344.1,
0.7,4,3,1982.1,
0.42,3,3,-373.54,
0.38,4,2,-1164.06,
0.3,5,4,-929.1,
0.91,4,2,3294.83,
1.11,4,3,5431.43,
0.3,2,8,886.9,
0.32,5,7,601.16,
0.42,5,5,534.46,
0.54,5,6,1998.02,
2.03,3,5,14079.39,
0.4,2,5,366.2,
0.57,4,4,1342.41,
0.72,5,7,3966.36,
1.3,4,3,7029.9,
1.01,4,5,5498.13,
0.39,5,2,-1079.93,
0.43,5,6,1072.59,
0.77,4,3,2571.01,
0.53,5,7,2367.89,
0.65,3,8,3831.45,
0.33,4,2,-1584.71,
1.02,4,2,4220.26,
0.31,4,7,517.03,
0.36,5,3,-878.32,
0.3,3,7,432.9,
0.9,3,2,3210.7,
1.05,5,3,4926.65,
1.5,2,2,8258.5,
0.9,3,4,4118.7,
0.72,3,3,2150.36,
0.42,4,5,534.46,
0.53,4,7,2367.89,
0.51,3,3,383.63,
0.51,5,5,1291.63,
0.86,4,2,2874.18,
1.51,4,3,8796.63,
0.37,5,4,-340.19,
0.56,4,3,804.28,
1.59,4,5,10377.67,
0.73,5,3,2234.49,
0.31,5,8,971.03,
0.4,3,3,-541.8,
0.52,5,5,1375.76,
1.04,4,3,4842.52,
1,5,4,4960,
0.78,5,3,2655.14,
0.76,5,3,2486.88,
0.71,4,5,2974.23,
0.9,5,2,3210.7,
1.01,3,2,4136.13,
0.81,3,2,2453.53,
0.36,5,6,483.68,
0.61,5,2,770.93,
0.51,5,5,1291.63,
0.24,5,6,-525.88,
0.52,5,8,2737.76,
1,4,2,4052,
0.31,5,6,63.03,
1.08,4,4,5633.04,
0.7,2,5,2890.1,
0.3,3,7,432.9,
0.3,5,3,-1383.1,
0.7,3,5,2890.1,
0.72,5,2,1696.36,
0.3,5,7,432.9,
0.76,4,3,2486.88,
0.41,3,3,-457.67,
0.41,4,3,-457.67,
0.4,3,2,-995.8,
1.54,2,3,9049.02,
0.55,5,6,2082.15,
0.57,5,3,888.41,
0.53,5,5,1459.89,
0.33,3,5,-222.71,
1.53,4,2,8510.89,
0.52,5,3,467.76,
1.01,3,7,6406.13,
0.91,3,3,3748.83,
0.54,4,5,1544.02,
0.53,4,3,551.89,
1.02,4,5,5582.26,
0.3,4,4,-929.1,
2.05,5,2,12885.65,
0.3,4,5,-475.1,
0.3,4,4,-929.1,
0.9,3,4,4118.7,
2.25,5,2,14568.25,
0.42,5,7,1442.46,
0.7,2,2,1528.1,
1.2,3,3,6188.6,
1.52,4,3,8880.76,
0.33,5,7,685.29,
1.21,4,6,7634.73,
0.23,3,6,-610.01,
0.31,5,6,63.03,
0.5,5,3,299.5,
1.01,3,3,4590.13,
0.76,5,5,3394.88,
0.31,4,6,63.03,
1.77,5,2,10530.01,
0.4,3,3,-541.8,
0.51,3,5,1291.63,
0.54,5,7,2452.02,
0.3,5,3,-1383.1,
1.06,5,2,4556.78,
0.81,5,4,3361.53,
0.58,5,3,972.54,
0.53,2,3,551.89,
0.3,3,3,-1383.1,
1.09,4,3,5263.17,
1.17,5,2,5482.21,
1.53,5,5,9872.89,
1.03,2,2,4304.39,
0.35,4,3,-962.45,
1,3,5,5414,
2.01,4,2,12549.13,
0.32,4,4,-760.84,
1.01,5,2,4136.13,
0.4,3,5,366.2,
1.12,4,2,5061.56,
1.24,3,6,7887.12,
0.52,5,5,1375.76,
0.82,3,6,4353.66,
1.05,2,2,4472.65,
1,3,5,5414,
0.81,3,3,2907.53,
1.02,3,4,5128.26,
0.75,1,4,2856.75,
0.4,3,2,-995.8,
2.04,4,2,12801.52,
0.52,5,5,1375.76,
0.8,3,5,3731.4,
1.01,3,4,5044.13,
0.43,4,3,-289.41,
1.13,4,7,7415.69,
0.4,5,8,1728.2,
1.05,4,4,5380.65,
0.41,2,5,450.33,
1.01,5,5,5498.13,
0.7,1,3,1982.1,
0.55,5,7,2536.15,
0.53,5,5,1459.89,
1.16,5,5,6760.08,
0.3,5,4,-929.1,
0.7,5,5,2890.1,
0.33,3,6,231.29,
0.71,4,5,2974.23,
0.71,4,4,2520.23,
0.33,5,8,1139.29,
1.58,5,3,9385.54,
1.63,4,4,10260.19,
0.38,5,8,1559.94,
1.29,4,4,7399.77,
1.1,3,2,4893.3,
1.73,4,2,10193.49,
1.01,1,3,4590.13,
0.41,3,2,-911.67,
0.9,4,5,4572.7,
0.3,5,4,-929.1,
0.27,5,4,-1181.49,
0.28,3,3,-1551.36,
1.17,5,5,6844.21,
1.02,4,3,4674.26,
0.34,5,7,769.42,
0.45,2,4,332.85,
0.75,5,2,1948.75,
0.31,5,6,63.03,
0.38,5,6,651.94,
0.39,4,5,282.07,
0.54,5,3,636.02,
0.7,4,3,1982.1,
0.31,5,8,971.03,
1.21,5,5,7180.73,
0.33,4,4,-676.71,
1.11,3,4,5885.43,
0.31,5,5,-390.97,
0.32,3,5,-306.84,
0.28,3,6,-189.36,
2.17,3,2,13895.21,
0.35,2,5,-54.45,
0.57,5,7,2704.41,
1.02,5,3,4674.26,
0.77,5,5,3479.01,
0.55,5,2,266.15,
0.91,4,3,3748.83,
1.01,3,5,5498.13,
0.33,5,6,231.29,
0.9,2,5,4572.7,
0.31,4,5,-390.97,
0.3,5,4,-929.1,
0.39,5,2,-1079.93,
0.63,3,4,1847.19,
0.71,5,3,2066.23,
1.02,5,5,5582.26,
0.56,3,5,1712.28,
0.53,5,4,1005.89,
0.92,2,2,3378.96,
0.3,5,4,-929.1,
0.52,3,6,1829.76,
0.36,5,4,-424.32,
2.02,5,2,12633.26,
0.54,5,5,1544.02,
0.76,3,4,2940.88,
1.21,3,5,7180.73,
0.3,4,5,-475.1,
0.9,3,3,3664.7,
0.36,5,2,-1332.32,
0.71,5,3,2066.23,
1.09,5,5,6171.17,
0.31,5,6,63.03,
0.3,3,4,-929.1,
0.4,5,5,366.2,
0.3,5,6,-21.1,
1.7,4,5,11303.1,
0.43,3,3,-289.41,
0.53,5,6,1913.89,
0.41,5,4,-3.67,
0.72,4,3,2150.36,
1,2,5,5414,
0.37,5,6,567.81,
0.5,3,3,299.5,
0.31,5,7,517.03,
1.01,3,5,5498.13,
0.33,5,5,-222.71,
0.35,2,3,-962.45,
0.3,5,6,-21.1,
0.37,4,5,113.81,
1.21,5,5,7180.73,
1.05,5,6,6288.65,
1.11,4,5,6339.43,
0.57,5,5,1796.41,
1.01,3,2,4136.13,
0.51,5,5,1291.63,
0.52,5,4,921.76,
0.58,5,3,972.54,
0.26,3,7,96.38,
0.85,1,1,2336.05,
0.43,5,7,1526.59,
0.25,5,7,12.25,
0.78,5,3,2655.14,
1,5,3,4506,
0.31,2,2,-1752.97,
0.44,4,5,702.72,
0.5,4,6,1661.5,
1.82,3,3,11404.66,
0.4,3,6,820.2,
0.33,4,5,-222.71,
0.71,4,3,2066.23,
2.03,3,5,14079.39,
0.25,5,4,-1349.75,
1.1,4,5,6255.3,
0.91,3,4,4202.83,
0.54,5,4,1090.02,
0.9,2,3,3664.7,
1.09,2,3,5263.17,
1.57,5,1,8393.41,
0.71,5,4,2520.23,
0.72,2,5,3058.36,
1.12,5,3,5515.56,
0.31,5,8,971.03,
0.7,5,3,1982.1,
0.53,5,4,1005.89,
0.3,5,8,886.9,
0.73,4,6,3596.49,
0.4,4,4,-87.8,
1.09,4,3,5263.17,
1.21,4,5,7180.73,
0.32,5,6,147.16,
0.31,5,7,517.03,
0.43,4,8,1980.59,
0.3,5,5,-475.1,
1,5,1,3598,
0.3,5,2,-1837.1,
0.61,3,5,2132.93,
0.33,3,3,-1130.71,
0.62,4,5,2217.06,
1.1,4,5,6255.3,
0.32,5,4,-760.84,
1.08,3,3,5179.04,
0.41,5,2,-911.67,
1,5,3,4506,
1,5,3,4506,
0.37,5,8,1475.81,
0.35,4,2,-1416.45,
1.2,2,3,6188.6,
0.5,4,3,299.5,
0.43,5,6,1072.59,
0.42,3,5,534.46,
0.59,5,3,1056.67,
1.4,5,2,7417.2,
0.66,2,5,2553.58,
1.02,5,5,5582.26,
0.53,5,5,1459.89,
0.51,2,3,383.63,
0.42,3,2,-827.54,
2.03,5,2,12717.39,
0.41,4,4,-3.67,
0.41,5,4,-3.67,
0.3,3,5,-475.1,
1.11,5,5,6339.43,
0.31,3,5,-390.97,
0.7,2,3,1982.1,
0.4,4,3,-541.8,
0.33,5,2,-1584.71,
0.9,3,2,3210.7,
0.31,5,5,-390.97,
1.15,5,5,6675.95,
1.01,5,6,5952.13,
0.42,5,4,80.46,
0.91,5,4,4202.83,
1.26,4,3,6693.38,
1.28,5,4,7315.64,
1.17,5,6,7298.21,
1.02,4,2,4220.26,
0.57,5,5,1796.41,
0.91,3,5,4656.83,
1,5,5,5414,
0.7,2,4,2436.1,
1.14,3,5,6591.82,
0.9,3,2,3210.7,
0.3,5,8,886.9,
0.27,5,4,-1181.49,
0.34,5,8,1223.42,
0.33,5,8,1139.29,
2,5,2,12465,
0.7,4,5,2890.1,
0.37,2,5,113.81,
0.73,5,5,3142.49,
0.38,5,3,-710.06,
1,4,4,4960,
0.39,4,8,1644.07,
0.51,4,5,1291.63,
0.7,3,3,1982.1,
1.11,2,2,4977.43,
0.34,5,7,769.42,
1.25,5,3,6609.25,
0.52,5,3,467.76,
1,3,2,4052,
0.33,5,7,685.29,
1.8,5,2,10782.4,
0.3,2,4,-929.1,
0.7,3,4,2436.1,
1.08,5,5,6087.04,
0.61,2,1,316.93,
1.1,4,5,6255.3,
0.41,4,5,450.33,
0.33,3,5,-222.71,
0.5,4,3,299.5,
0.38,4,4,-256.06,
2.01,5,2,12549.13,
0.42,5,3,-373.54,
1.52,5,3,8880.76,
0.53,5,4,1005.89,
0.7,3,8,4252.1,
0.72,5,5,3058.36,
0.9,3,3,3664.7,
1.22,5,3,6356.86,
0.25,3,7,12.25,
2.03,5,5,14079.39,
1.02,5,2,4220.26,
0.74,5,4,2772.62,
1.24,4,3,6525.12,
1.15,4,2,5313.95,
2.01,4,2,12549.13,
0.71,4,8,4336.23,
0.56,5,2,350.28,
1.01,5,3,4590.13,
0.31,5,8,971.03,
1.19,5,2,5650.47,
0.5,5,5,1207.5,
1.02,4,3,4674.26,
0.38,4,3,-710.06,
0.41,5,6,904.33,
1.52,5,2,8426.76,
1.22,5,5,7264.86,
0.53,5,5,1459.89,
0.4,3,3,-541.8,
0.33,4,3,-1130.71,
0.31,5,4,-844.97,
1.14,4,3,5683.82,
1.32,4,2,6744.16,
0.23,3,7,-156.01,
0.41,3,6,904.33,
2.24,5,2,14484.12,
0.55,5,5,1628.15,
2.32,1,3,15611.16,
1.25,5,5,7517.25,
0.31,5,3,-1298.97,
2.01,1,5,13911.13,
0.55,5,3,720.15,
0.7,3,6,3344.1,
1.51,2,4,9250.63,
0.31,5,7,517.03,
0.95,5,3,4085.35,
0.24,5,4,-1433.88,
0.4,4,2,-995.8,
1.25,4,2,6155.25,
0.24,3,7,-71.88,
0.83,5,3,3075.79,
1.01,3,5,5498.13,
0.27,3,7,180.51,
1.1,5,4,5801.3,
0.3,4,6,-21.1,
0.52,5,3,467.76,
0.4,5,8,1728.2,
1.3,4,3,7029.9,
1.71,5,4,10933.23,
0.52,5,5,1375.76,
0.33,5,7,685.29,
1,3,6,5868,
0.5,4,4,753.5,
0.91,3,3,3748.83,
1.21,5,4,6726.73,
0.51,5,5,1291.63,
0.41,4,6,904.33,
0.94,3,2,3547.22,
0.31,4,3,-1298.97,
0.4,5,5,366.2,
1.12,5,3,5515.56,
1,2,3,4506,
1.48,4,2,8090.24,
0.32,5,3,-1214.84,
0.76,2,8,4756.88,
0.42,5,3,-373.54,
0.5,2,3,299.5,
0.83,3,5,3983.79,
0.32,3,4,-760.84,
0.7,5,4,2436.1,
0.73,5,4,2688.49,
0.71,3,4,2520.23,
0.35,4,3,-962.45,
0.42,4,3,-373.54,
0.81,5,5,3815.53,
0.32,5,5,-306.84,
0.85,4,1,2336.05,
0.71,2,3,2066.23,
0.32,3,6,147.16,
1.09,4,3,5263.17,
0.35,4,5,-54.45,
0.82,4,2,2537.66,
1.03,4,3,4758.39,
0.5,1,4,753.5,
0.8,5,5,3731.4,
1.12,4,2,5061.56,
1.62,4,5,10630.06,
1.22,5,3,6356.86,
0.52,5,7,2283.76,
1.11,2,5,6339.43,
0.31,3,3,-1298.97,
0.42,5,4,80.46,
0.32,5,5,-306.84,
0.9,3,3,3664.7,
1.04,5,3,4842.52,
0.35,5,5,-54.45,
0.5,1,5,1207.5,
0.36,3,3,-878.32,
0.3,4,2,-1837.1,
0.7,3,3,1982.1,
0.41,3,4,-3.67,
0.4,4,5,366.2,
1.1,4,2,4893.3,
0.74,3,2,1864.62,
0.51,5,5,1291.63,
0.27,3,7,180.51,
1.01,5,5,5498.13,
1.37,3,2,7164.81,
1.01,4,3,4590.13,
0.39,1,3,-625.93,
0.51,4,3,383.63,
0.5,4,6,1661.5,
1.55,5,2,8679.15,
0.3,5,8,886.9,
2,4,2,12465,
0.35,4,4,-508.45,
0.33,5,5,-222.71,
1,3,5,5414,
0.93,2,2,3463.09,
0.25,4,6,-441.75,
0.7,2,3,1982.1,
1.01,5,5,5498.13,
0.53,4,6,1913.89,
1.51,4,5,9704.63,
0.23,3,4,-1518.01,
0.38,4,5,197.94,
0.3,2,6,-21.1,
0.3,5,4,-929.1,
1.01,2,3,4590.13,
0.8,4,3,2823.4,
0.7,5,4,2436.1,
0.7,2,4,2436.1,
1.26,5,2,6239.38,
1.09,5,6,6625.17,
1,3,2,4052,
0.6,5,4,1594.8,
0.32,4,3,-1214.84,
0.41,5,6,904.33,
0.32,4,5,-306.84,
0.4,3,4,-87.8,
3,3,1,20424,
0.56,4,5,1712.28,
0.9,2,2,3210.7,
0.36,5,7,937.68,
0.31,3,5,-390.97,
1.19,3,3,6104.47,
0.56,5,7,2620.28,
0.7,4,5,2890.1,
0.71,4,7,3882.23,
0.52,3,7,2283.76,
0.33,4,2,-1584.71,
0.34,5,5,-138.58,
1.19,3,7,7920.47,
0.4,4,4,-87.8,
1.07,3,5,6002.91,
1.61,5,5,10545.93,
1,4,4,4960,
1.07,5,3,5094.91,
0.41,5,5,450.33,
2.03,4,2,12717.39,
0.58,5,4,1426.54,
0.8,3,3,2823.4,
0.32,5,5,-306.84,
0.7,5,3,1982.1,
0.79,4,3,2739.27,
0.93,3,5,4825.09,
0.37,3,5,113.81,
0.41,4,5,450.33,
0.31,5,2,-1752.97,
0.7,5,5,2890.1,
0.53,5,5,1459.89,
0.3,3,5,-475.1,
0.95,3,2,3631.35,
0.41,4,6,904.33,
1.34,4,2,6912.42,
1,3,3,4506,
0.42,4,4,80.46,
0.41,4,4,-3.67,
0.5,5,7,2115.5,
0.46,4,2,-491.02,
0.35,5,8,1307.55,
0.82,5,5,3899.66,
2.48,3,2,16503.24,
0.35,4,4,-508.45,
1.52,4,2,8426.76,
1.07,5,6,6456.91,
0.61,5,2,770.93,
0.39,3,6,736.07,
0.71,4,2,1612.23,
0.51,1,3,383.63,
1.67,5,3,10142.71,
1,4,1,3598,
0.3,2,5,-475.1,
1.22,3,3,6356.86,
0.72,5,5,3058.36,
0.94,4,3,4001.22,
0.51,5,2,-70.37,
1.01,3,3,4590.13,
0.41,4,2,-911.67,
0.3,3,3,-1383.1,
1.11,4,2,4977.43,
0.5,5,3,299.5,
1.2,2,5,7096.6,
0.56,5,3,804.28,
0.9,4,3,3664.7,
1,1,4,4960,
0.35,5,4,-508.45,
0.31,5,5,-390.97,
0.71,3,5,2974.23,
0.3,4,6,-21.1,
0.3,5,4,-929.1,
1,3,8,6776,
0.3,4,6,-21.1,
1.48,5,2,8090.24,
1.5,5,3,8712.5,
2.35,4,2,15409.55,
0.5,2,3,299.5,
0.38,5,2,-1164.06,
1.06,5,4,5464.78,
0.33,5,5,-222.71,
0.7,1,1,1074.1,
0.3,5,5,-475.1,
1.5,2,2,8258.5,
0.34,3,7,769.42,
0.59,4,4,1510.67,
0.81,4,3,2907.53,
0.55,5,6,2082.15,
0.31,5,4,-844.97,
0.91,2,5,4656.83,
0.4,4,3,-541.8,
0.81,5,5,3815.53,
0.31,5,8,971.03,
1.1,4,3,5347.3,
0.31,3,6,63.03,
0.45,5,7,1694.85,
0.32,5,5,-306.84,
0.32,5,8,1055.16,
0.31,4,3,-1298.97,
1,3,2,4052,
2.02,4,2,12633.26,
2.01,4,2,12549.13,
1.02,3,3,4674.26,
1.16,5,2,5398.08,
0.77,3,3,2571.01,
0.59,4,8,3326.67,
0.34,4,2,-1500.58,
0.3,2,8,886.9,
0.58,5,3,972.54,
0.52,3,4,921.76,
0.33,4,7,685.29,
1.38,5,2,7248.94,
0.71,5,2,1612.23,
0.96,1,2,3715.48,
1.02,5,7,6490.26,
0.53,2,5,1459.89,
0.9,4,2,3210.7,
0.34,1,1,-1954.58,
0.36,3,5,29.68,
0.83,3,4,3529.79,
1.3,4,8,9299.9,
1.02,5,3,4674.26,
0.34,5,6,315.42,
0.54,2,4,1090.02,
0.56,4,4,1258.28,
2.37,5,5,16939.81,
1.15,5,2,5313.95,
0.4,5,4,-87.8,
1.59,5,6,10831.67,
1.42,3,6,9401.46,
0.31,5,6,63.03,
0.57,5,8,3158.41,
0.7,4,5,2890.1,
0.41,3,3,-457.67,
0.55,3,3,720.15,
1.01,5,5,5498.13,
0.24,3,6,-525.88,
0.3,3,3,-1383.1,
1.13,5,3,5599.69,
0.72,4,3,2150.36,
0.52,5,2,13.76,
1,3,3,4506,
0.47,3,4,501.11,
0.41,5,2,-911.67,
0.51,4,3,383.63,
1,3,3,4506,
1.55,2,5,10041.15,
0.71,3,5,2974.23,
1.21,5,5,7180.73,
1.95,3,5,13406.35,
1.51,4,3,8796.63,
0.3,4,5,-475.1,
0.72,3,5,3058.36,
0.31,5,6,63.03,
0.53,5,5,1459.89,
0.71,3,2,1612.23,
1.07,5,3,5094.91,
0.24,3,4,-1433.88,
1,3,8,6776,
0.55,5,4,1174.15,
0.52,5,5,1375.76,
0.72,5,2,1696.36,
0.9,2,3,3664.7,
0.41,5,5,450.33,
0.33,5,3,-1130.71,
0.56,3,4,1258.28,
1.01,3,2,4136.13,
0.46,4,7,1778.98,
1.01,3,3,4590.13,
0.3,5,5,-475.1,
0.3,4,4,-929.1,
2.02,3,2,12633.26,
0.32,5,6,147.16,
0.35,4,4,-508.45,
0.34,5,3,-1046.58,
0.6,5,4,1594.8,
0.41,4,6,904.33,
1.01,1,4,5044.13,
0.54,5,7,2452.02,
1.01,4,2,4136.13,
0.3,5,7,432.9,
1.06,4,1,4102.78,
0.7,3,5,2890.1,
1.53,3,3,8964.89,
0.82,3,3,2991.66,
0.32,5,7,601.16,
0.27,3,4,-1181.49,
0.8,5,5,3731.4,
1.11,5,4,5885.43,
0.71,4,5,2974.23,
0.61,3,2,770.93,
1.31,3,4,7568.03,
0.71,3,3,2066.23,
0.9,4,2,3210.7,
0.9,4,5,4572.7,
0.74,5,5,3226.62,
0.3,2,4,-929.1,
1,3,4,4960,
0.3,5,5,-475.1,
0.39,2,6,736.07,
0.51,4,3,383.63,
0.81,5,2,2453.53,
1.62,5,5,10630.06,
1.62,4,2,9268.06,
0.57,3,5,1796.41,
0.33,5,7,685.29,
0.42,5,5,534.46,
1.51,4,5,9704.63,
0.31,5,5,-390.97,
1.01,3,3,4590.13,
0.41,2,7,1358.33,
0.7,4,3,1982.1,
0.9,2,2,3210.7,
1.75,2,3,10815.75,
0.36,5,3,-878.32,
0.31,5,8,971.03,
0.8,3,3,2823.4,
0.32,2,4,-760.84,
1.01,2,5,5498.13,
0.72,4,3,2150.36,
0.71,3,5,2974.23,
1.09,5,2,4809.17,
0.63,3,4,1847.19,
0.51,5,4,837.63,
1.01,3,5,5498.13,
1.59,4,2,9015.67,
0.54,4,4,1090.02,
0.28,3,6,-189.36,
0.54,3,7,2452.02,
1.52,5,3,8880.76,
1.13,5,5,6507.69,
1.07,5,5,6002.91,
0.31,5,5,-390.97,
0.7,5,5,2890.1,
0.33,5,7,685.29,
1.65,1,3,9974.45,
0.54,5,6,1998.02,
0.71,3,5,2974.23,
0.7,3,5,2890.1,
2.05,4,5,14247.65,
1,2,3,4506,
1.65,5,5,10882.45,
0.37,2,5,113.81,
1.15,4,2,5313.95,
0.57,5,5,1796.41,
0.72,3,3,2150.36,
0.71,5,3,2066.23,
0.7,3,3,1982.1,
1.38,3,4,8156.94,
0.73,5,6,3596.49,
0.39,3,6,736.07,
2.14,4,2,13642.82,
1.12,3,5,6423.56,
0.36,3,3,-878.32,
0.42,3,4,80.46,
0.5,5,3,299.5,
2,4,5,13827,
0.3,4,5,-475.1,
1.35,4,4,7904.55,
1.57,4,3,9301.41,
0.31,4,5,-390.97,
0.33,4,5,-222.71,
1.02,4,3,4674.26,
1.01,4,5,5498.13,
0.83,5,2,2621.79,
0.43,3,3,-289.41,
1.2,4,2,5734.6,
1.01,5,5,5498.13,
1.23,5,2,5986.99,
0.53,5,3,551.89,
1,5,2,4052,
0.4,3,8,1728.2,
0.71,4,6,3428.23,
1.33,3,2,6828.29,
0.43,3,2,-743.41,
0.31,3,4,-844.97,
1.21,5,3,6272.73,
1.55,4,5,10041.15,
0.8,5,5,3731.4,
0.71,2,3,2066.23,
0.46,1,5,870.98,
0.3,5,3,-1383.1,
1.21,2,6,7634.73,
2.14,5,2,13642.82,
0.7,2,2,1528.1,
1.03,5,3,4758.39,
1.06,3,3,5010.78,
1.41,5,4,8409.33,
0.3,4,4,-929.1,
0.79,3,3,2739.27,
0.37,2,3,-794.19,
0.62,4,3,1309.06,
0.7,3,5,2890.1,
0.39,3,6,736.07,
1.12,4,6,6877.56,
1.14,3,8,7953.82,
0.9,5,4,4118.7,
0.5,3,2,-154.5,
0.75,5,2,1948.75,
0.38,5,6,651.94,
1.07,2,5,6002.91,
0.34,3,2,-1500.58,
1.25,5,2,6155.25,
0.9,1,3,3664.7,
2.74,3,2,18690.62,
0.71,3,5,2974.23,
0.33,5,4,-676.71,
0.91,3,5,4656.83,
0.33,3,6,231.29,
0.4,3,3,-541.8,
1.11,4,3,5431.43,
0.24,2,7,-71.88,
1.01,3,3,4590.13,
0.31,3,4,-844.97,
0.34,3,6,315.42,
0.64,5,4,1931.32,
1.01,3,2,4136.13,
0.7,3,3,1982.1,
1.11,3,3,5431.43,
0.7,3,4,2436.1,
0.43,5,4,164.59,
0.91,5,4,4202.83,
0.94,3,2,3547.22,
0.3,4,8,886.9,
0.31,5,5,-390.97,
1.51,3,5,9704.63,
1.04,4,4,5296.52,
0.38,5,4,-256.06,
1.01,2,5,5498.13,
0.5,1,4,753.5,
0.52,5,2,13.76,
1.05,5,4,5380.65,
1.54,5,6,10411.02,
1,4,4,4960,
1.52,3,3,8880.76,
1.12,3,3,5515.56,
0.73,5,4,2688.49,
1.08,2,2,4725.04,
0.36,5,5,29.68,
1.01,5,4,5044.13,
0.55,5,3,720.15,
0.9,2,5,4572.7,
0.43,5,7,1526.59,
0.54,5,2,182.02,
0.6,4,3,1140.8,
1.2,4,3,6188.6,
0.53,2,6,1913.89,
3.01,1,1,20508.13,
0.58,5,3,972.54,
0.63,5,3,1393.19,
0.52,4,7,2283.76,
1.07,3,4,5548.91,
0.3,3,7,432.9,
1.13,2,2,5145.69,
0.51,2,5,1291.63,
0.23,2,6,-610.01,
0.46,5,7,1778.98,
0.33,5,3,-1130.71,
2.05,4,2,12885.65,
0.3,3,4,-929.1,
0.69,1,4,2351.97,
0.3,5,8,886.9,
0.41,5,2,-911.67,
0.9,5,2,3210.7,
0.41,4,4,-3.67,
1.01,3,5,5498.13,
0.57,3,3,888.41,
1.22,3,4,6810.86,
0.31,4,1,-2206.97,
0.73,5,5,3142.49,
0.53,5,5,1459.89,
0.3,3,5,-475.1,
0.53,3,4,1005.89,
0.71,3,3,2066.23,
0.54,4,5,1544.02,
0.41,4,4,-3.67,
0.9,5,2,3210.7,
1.03,3,2,4304.39,
1.08,4,3,5179.04,
0.32,4,7,601.16,
0.43,2,3,-289.41,
0.7,5,3,1982.1,
0.74,5,7,4134.62,
1.5,4,6,10074.5,
0.34,5,7,769.42,
0.57,5,4,1342.41,
1,2,3,4506,
0.7,5,5,2890.1,
1.01,5,3,4590.13,
0.25,4,7,12.25,
0.53,5,7,2367.89,
0.96,3,5,5077.48,
1.25,5,5,7517.25,
0.73,5,2,1780.49,
0.34,3,3,-1046.58,
0.74,4,3,2318.62,
1.11,3,3,5431.43,
0.54,5,6,1998.02,
0.95,3,4,4539.35,
0.41,5,7,1358.33,
0.28,3,7,264.64,
0.34,4,7,769.42,
1.64,4,5,10798.32,
0.71,5,8,4336.23,
0.74,3,5,3226.62,
0.74,5,6,3680.62,
0.6,4,3,1140.8,
0.44,5,4,248.72,
0.79,3,3,2739.27,
0.58,5,3,972.54,
1,2,6,5868,
0.34,5,4,-592.58,
0.31,4,7,517.03,
0.31,2,3,-1298.97,
1.81,3,4,11774.53,
0.3,4,4,-929.1,
2.19,4,2,14063.47,
0.91,5,2,3294.83,
0.37,5,5,113.81,
1.57,4,5,10209.41,
1,4,2,4052,
1.09,5,3,5263.17,
0.31,2,4,-844.97,
0.5,3,5,1207.5,
0.41,4,4,-3.67,
1.23,5,3,6440.99,
1.09,4,3,5263.17,
0.4,5,4,-87.8,
0.42,5,4,80.46,
1.02,5,3,4674.26,
1,3,2,4052,
0.26,3,5,-811.62,
0.23,2,7,-156.01,
0.46,4,8,2232.98,
0.4,2,2,-995.8,
2.05,5,2,12885.65,
0.41,5,7,1358.33,
2.03,5,5,14079.39,
2.28,5,2,14820.64,
0.72,3,7,3966.36,
1.52,2,5,9788.76,
1.51,4,5,9704.63,
1.14,3,3,5683.82,
0.51,5,4,837.63,
0.3,5,2,-1837.1,
0.31,4,5,-390.97,
1.5,3,3,8712.5,
0.52,5,5,1375.76,
0.7,1,3,1982.1,
0.3,5,7,432.9,
0.5,1,3,299.5,
1.54,4,5,9957.02,
1.2,5,3,6188.6,
0.79,3,2,2285.27,
1.2,2,5,7096.6,
2.01,4,3,13003.13,
0.72,3,4,2604.36,
1.1,3,2,4893.3,
0.23,3,6,-610.01,
0.94,5,1,3093.22,
2.16,3,2,13811.08,
0.27,3,6,-273.49,
0.35,5,3,-962.45,
0.38,5,4,-256.06,
1.21,3,4,6726.73,
0.3,4,6,-21.1,
0.56,5,5,1712.28,
0.3,2,2,-1837.1,
1.01,4,3,4590.13,
0.34,5,5,-138.58,
0.32,4,7,601.16,
1.01,3,2,4136.13,
0.31,4,3,-1298.97,
0.51,5,3,383.63,
0.36,4,4,-424.32,
0.5,4,3,299.5,
0.21,4,2,-2594.27,
0.9,3,3,3664.7,
1.03,4,2,4304.39,
0.37,5,3,-794.19,
0.5,4,3,299.5,
1.01,3,4,5044.13,
0.84,2,5,4067.92,
0.76,3,5,3394.88,
0.23,3,7,-156.01,
1.03,4,5,5666.39,
0.9,2,5,4572.7,
0.32,5,7,601.16,
0.55,5,5,1628.15,
1.55,4,3,9133.15,
0.35,5,5,-54.45,
1.51,3,4,9250.63,
0.38,5,5,197.94,
0.33,3,6,231.29,
0.31,5,8,971.03,
0.3,5,5,-475.1,
1.22,5,4,6810.86,
0.4,4,4,-87.8,
1.51,3,1,7888.63,
1.01,2,2,4136.13,
0.51,2,3,383.63,
0.32,4,7,601.16,
1.28,5,2,6407.64,
0.33,5,2,-1584.71,
1.11,5,5,6339.43,
2.21,4,2,14231.73,
0.43,2,3,-289.41,
0.7,4,8,4252.1,
0.25,3,8,466.25,
0.5,2,5,1207.5,
0.24,2,4,-1433.88,
0.3,4,3,-1383.1,
1.11,3,2,4977.43,
1.02,1,2,4220.26,
0.31,5,7,517.03,
0.39,5,4,-171.93,
0.5,4,5,1207.5,
0.7,5,3,1982.1,
0.32,3,3,-1214.84,
0.3,3,4,-929.1,
0.41,5,6,904.33,
1.33,1,2,6828.29,
0.3,5,7,432.9,
1.51,4,5,9704.63,
0.38,5,7,1105.94,
0.23,3,5,-1064.01,
0.74,5,5,3226.62,
1.2,3,2,5734.6,
1.52,5,3,8880.76,
1.01,5,5,5498.13,
0.44,5,5,702.72,
1.2,4,3,6188.6,
1.3,2,2,6575.9,
0.31,4,3,-1298.97,
1.2,5,6,7550.6,
0.79,4,3,2739.27,
1.05,5,7,6742.65,
0.7,4,2,1528.1,
0.3,3,5,-475.1,
1.25,5,6,7971.25,
2.07,3,5,14415.91,
1.52,4,5,9788.76,
0.31,5,5,-390.97,
0.94,5,2,3547.22,
0.27,3,5,-727.49,
0.32,5,8,1055.16,
0.35,5,4,-508.45,
1.2,5,7,8004.6,
1.51,4,3,8796.63,
0.4,5,5,366.2,
0.33,4,6,231.29,
1.51,3,8,11066.63,
0.72,4,1,1242.36,
0.84,3,5,4067.92,
1.06,3,3,5010.78,
1.01,4,5,5498.13,
0.38,5,6,651.94,
0.72,5,4,2604.36,
1.61,3,2,9183.93,
1.5,3,4,9166.5,
0.78,2,3,2655.14,
0.69,1,2,1443.97,
0.32,5,5,-306.84,
0.51,5,6,1745.63,
0.34,5,4,-592.58,
1.49,3,1,7720.37,
0.5,4,4,753.5,
0.9,2,3,3664.7,
2.2,4,4,15055.6,
0.51,4,6,1745.63,
2.38,4,3,16115.94,
0.9,4,2,3210.7,
1.05,5,3,4926.65,
0.61,4,5,2132.93,
0.71,3,7,3882.23,
1.01,5,3,4590.13,
0.4,4,5,366.2,
0.57,4,2,434.41,
1.74,5,3,10731.62,
0.37,3,5,113.81,
0.53,1,3,551.89,
2.4,1,2,15830.2,
0.71,4,3,2066.23,
0.71,1,5,2974.23,
0.51,3,4,837.63,
0.95,1,3,4085.35,
0.32,2,5,-306.84,
0.31,4,5,-390.97,
0.9,2,3,3664.7,
0.51,5,6,1745.63,
1.7,4,5,11303.1,
0.31,4,5,-390.97,
0.5,3,5,1207.5,
1.55,3,2,8679.15,
1.01,3,3,4590.13,
1.01,3,3,4590.13,
1.18,5,3,6020.34,
0.3,5,7,432.9,
0.76,3,3,2486.88,
0.92,2,3,3832.96,
0.72,1,2,1696.36,
1.5,3,5,9620.5,
1.01,5,3,4590.13,
1.1,5,3,5347.3,
0.34,3,2,-1500.58,
0.53,5,3,551.89,
1.6,4,3,9553.8,
0.31,5,3,-1298.97,
0.31,5,4,-844.97,
1.5,2,5,9620.5,
1.02,2,2,4220.26,
1.01,5,3,4590.13,
0.4,5,6,820.2,
0.4,5,5,366.2,
1.12,4,3,5515.56,
0.31,4,3,-1298.97,
1.52,4,6,10242.76,
1.6,5,2,9099.8,
2,4,3,12919,
0.58,5,4,1426.54,
2.06,3,3,13423.78,
0.56,5,3,804.28,
0.51,3,4,837.63,
1.01,4,5,5498.13,
0.5,3,5,1207.5,
1.51,5,4,9250.63,
0.8,4,2,2369.4,
0.52,4,6,1829.76,
1.48,2,8,10814.24,
0.31,5,5,-390.97,
1.01,5,2,4136.13,
0.32,3,3,-1214.84,
0.51,4,4,837.63,
0.71,4,2,1612.23,
0.61,3,5,2132.93,
1.69,4,1,9402.97,
0.57,5,6,2250.41,
1.22,2,2,5902.86,
1.38,4,3,7702.94,
1.18,5,4,6474.34,
0.51,5,6,1745.63,
1.7,5,2,9941.1,
0.4,2,1,-1449.8,
0.71,5,4,2520.23,
0.93,2,3,3917.09,
0.39,3,6,736.07,
1.01,5,6,5952.13,
1.6,4,5,10461.8,
0.32,5,7,601.16,
0.32,2,2,-1668.84,
1,3,2,4052,
0.57,5,5,1796.41,
1,4,3,4506,
0.53,5,6,1913.89,
1.56,4,4,9671.28,
0.5,4,4,753.5,
1.06,5,5,5918.78,
0.33,4,4,-676.71,
0.9,3,6,5026.7,
1,4,3,4506,
0.31,5,7,517.03,
1.24,5,2,6071.12,
1.01,5,5,5498.13,
1.02,5,4,5128.26,
1.01,4,3,4590.13,
0.53,3,2,97.89,
0.53,5,5,1459.89,
1.58,4,2,8931.54,
1.04,4,6,6204.52,
0.32,5,8,1055.16,
0.58,4,5,1880.54,
1.2,5,7,8004.6,
1.07,4,2,4640.91,
1.06,3,3,5010.78,
0.53,5,5,1459.89,
0.33,5,6,231.29,
0.7,3,3,1982.1,
1.21,4,5,7180.73,
0.3,3,3,-1383.1,
0.52,5,3,467.76,
1.16,2,2,5398.08,
0.73,3,3,2234.49,
2.02,5,5,13995.26,
0.37,5,4,-340.19,
1.01,3,3,4590.13,
0.52,5,5,1375.76,
0.7,2,5,2890.1,
0.4,5,7,1274.2,
1,2,5,5414,
1.21,5,3,6272.73,
1.08,5,5,6087.04,
0.4,5,7,1274.2,
0.9,3,5,4572.7,
0.41,5,6,904.33,
1,3,2,4052,
0.5,3,3,299.5,
1.19,5,7,7920.47,
0.5,3,3,299.5,
0.3,4,5,-475.1,
2.01,2,2,12549.13,
0.32,5,6,147.16,
0.43,5,7,1526.59,
0.31,5,3,-1298.97,
2.07,4,5,14415.91,
1.03,5,3,4758.39,
0.7,3,5,2890.1,
2.02,3,2,12633.26,
0.57,3,8,3158.41,
1.13,5,3,5599.69,
0.51,3,5,1291.63,
0.27,5,8,634.51,
1.5,4,5,9620.5,
1.03,3,2,4304.39,
1.51,3,2,8342.63,
0.72,5,7,3966.36,
1.71,4,5,11387.23,
0.4,3,5,366.2,
1.51,3,6,10158.63,
0.5,5,3,299.5,
1.14,4,3,5683.82,
0.33,5,5,-222.71,
1.6,4,3,9553.8,
0.3,2,5,-475.1,
0.73,5,3,2234.49,
0.59,3,3,1056.67,
0.47,5,5,955.11,
0.4,4,6,820.2,
0.3,5,5,-475.1,
1.01,3,6,5952.13,
0.72,3,3,2150.36,
0.63,5,4,1847.19,
1.53,5,4,9418.89,
0.4,2,5,366.2,
1.2,1,1,5280.6,
0.78,5,3,2655.14,
0.27,4,4,-1181.49,
0.92,3,3,3832.96,
0.34,5,8,1223.42,
0.26,3,7,96.38,
1.05,5,3,4926.65,
0.4,3,7,1274.2,
2.01,3,6,14365.13,
1.05,5,3,4926.65,
0.3,5,7,432.9,
0.47,3,6,1409.11,
1.02,2,4,5128.26,
1.59,4,3,9469.67,
1,3,2,4052,
2.15,5,2,13726.95,
0.4,3,3,-541.8,
1.01,4,4,5044.13,
1.6,5,3,9553.8,
2.01,5,3,13003.13,
0.3,5,5,-475.1,
0.42,5,6,988.46,
0.4,3,7,1274.2,
0.76,3,5,3394.88,
0.41,5,5,450.33,
0.56,5,7,2620.28,
0.7,2,3,1982.1,
2.29,4,2,14904.77,
1.05,1,4,5380.65,
1.52,3,6,10242.76,
0.4,3,7,1274.2,
1.2,4,2,5734.6,
0.26,5,5,-811.62,
1.74,5,3,10731.62,
0.71,1,5,2974.23,
1.22,5,2,5902.86,
0.41,4,4,-3.67,
0.31,1,4,-844.97,
1.01,2,3,4590.13,
1.02,3,3,4674.26,
1.23,4,2,5986.99,
0.63,2,4,1847.19,
0.75,5,2,1948.75,
0.43,3,7,1526.59,
1.24,5,3,6525.12,
0.5,4,4,753.5,
1.01,5,6,5952.13,
0.31,4,2,-1752.97,
0.7,3,5,2890.1,
0.38,4,2,-1164.06,
2.29,4,2,14904.77,
0.85,1,3,3244.05,
0.32,5,4,-760.84,
1.01,3,5,5498.13,
0.31,5,6,63.03,
0.52,4,5,1375.76,
0.4,5,6,820.2,
0.7,3,5,2890.1,
1.31,4,7,8930.03,
0.5,4,6,1661.5,
1.5,4,5,9620.5,
0.7,4,3,1982.1,
0.31,3,7,517.03,
1,2,3,4506,
0.41,4,4,-3.67,
1.04,4,2,4388.52,
0.32,3,2,-1668.84,
0.78,3,3,2655.14,
1.01,3,5,5498.13,
0.9,2,2,3210.7,
0.9,4,5,4572.7,
1.71,3,3,10479.23,
0.41,5,8,1812.33,
1,5,2,4052,
0.56,5,6,2166.28,
0.43,4,4,164.59,
0.95,5,5,4993.35,
0.83,5,2,2621.79,
0.51,5,5,1291.63,
0.7,1,2,1528.1,
0.41,4,4,-3.67,
0.32,5,8,1055.16,
0.7,3,5,2890.1,
0.7,4,3,1982.1,
0.53,5,4,1005.89,
0.9,2,3,3664.7,
0.72,4,3,2150.36,
0.3,3,2,-1837.1,
1,4,5,5414,
1.57,3,5,10209.41,
0.51,5,5,1291.63,
1.3,1,1,6121.9,
1.07,5,6,6456.91,
1.55,5,5,10041.15,
0.9,4,1,2756.7,
0.72,4,2,1696.36,
1,4,2,4052,
0.55,5,3,720.15,
1.36,2,3,7534.68,
0.26,4,6,-357.62,
1.08,5,2,4725.04,
0.79,5,3,2739.27,
0.9,3,5,4572.7,
0.9,3,3,3664.7,
1.13,1,4,6053.69,
1,2,2,4052,
1.51,5,6,10158.63,
1.2,5,4,6642.6,
1.01,3,3,4590.13,
1.03,5,2,4304.39,
0.9,5,3,3664.7,
0.38,4,6,651.94,
0.84,5,3,3159.92,
0.39,5,7,1190.07,
0.33,5,6,231.29,
0.7,5,5,2890.1,
0.75,5,3,2402.75,
0.42,5,5,534.46,
1.03,5,6,6120.39,
0.81,4,6,4269.53,
0.31,5,7,517.03,
1.15,3,2,5313.95,
0.29,3,4,-1013.23,
1,2,5,5414,
0.9,3,2,3210.7,
0.55,5,5,1628.15,
2.11,5,2,13390.43,
1,3,6,5868,
0.37,2,5,113.81,
0.5,5,5,1207.5,
0.3,5,4,-929.1,
0.7,3,3,1982.1,
0.9,4,3,3664.7,
0.41,5,5,450.33,
0.33,4,6,231.29,
0.68,4,3,1813.84,
0.73,3,2,1780.49,
0.52,5,3,467.76,
0.47,1,3,47.11,
0.71,2,3,2066.23,
0.7,3,5,2890.1,
0.94,3,3,4001.22,
0.41,4,3,-457.67,
0.41,4,3,-457.67,
0.34,5,4,-592.58,
0.75,3,3,2402.75,
2.01,4,2,12549.13,
1,5,6,5868,
1.21,3,4,6726.73,
0.74,3,2,1864.62,
0.42,2,3,-373.54,
0.51,5,6,1745.63,
1.57,3,5,10209.41,
1,4,3,4506,
0.7,5,4,2436.1,
0.92,5,3,3832.96,
0.41,5,4,-3.67,
0.65,3,7,3377.45,
0.3,4,4,-929.1,
0.94,5,2,3547.22,
0.32,2,5,-306.84,
1.2,5,3,6188.6,
1,5,6,5868,
1.01,4,5,5498.13,
0.37,5,7,1021.81,
1.55,2,4,9587.15,
0.52,2,3,467.76,
0.51,5,4,837.63,
0.5,2,3,299.5,
1.21,3,2,5818.73,
1.01,4,2,4136.13,
1.12,5,6,6877.56,
1.26,5,3,6693.38,
0.72,5,2,1696.36,
1.03,5,3,4758.39,
0.32,5,8,1055.16,
0.3,4,6,-21.1,
0.72,2,5,3058.36,
0.76,4,2,2032.88,
1.02,4,5,5582.26,
1.7,4,5,11303.1,
0.41,5,4,-3.67,
2.09,3,2,13222.17,
1.08,5,8,7449.04,
1.06,4,5,5918.78,
1.26,3,4,7147.38,
0.8,3,4,3277.4,
1,3,5,5414,
0.3,5,5,-475.1,
0.42,3,3,-373.54,
0.93,5,2,3463.09,
0.3,2,7,432.9,
0.3,5,8,886.9,
0.43,3,4,164.59,
0.71,2,6,3428.23,
0.41,2,6,904.33,
0.95,4,2,3631.35,
2,3,2,12465,
1.05,3,5,5834.65,
0.34,3,3,-1046.58,
2,4,1,12011,
1.04,3,5,5750.52,
0.52,5,3,467.76,
2.07,3,2,13053.91,
0.91,1,2,3294.83,
0.5,5,3,299.5,
1.51,4,2,8342.63,
0.3,2,7,432.9,
0.55,5,5,1628.15,
1.2,4,6,7550.6,
1.01,4,5,5498.13,
0.51,5,6,1745.63,
0.53,5,4,1005.89,
1.2,5,7,8004.6,
0.71,3,6,3428.23,
0.32,3,7,601.16,
2.13,5,2,13558.69,
1.1,5,4,5801.3,
0.7,5,6,3344.1,
0.3,4,3,-1383.1,
0.48,3,3,131.24,
0.3,5,3,-1383.1,
0.32,5,5,-306.84,
0.71,5,4,2520.23,
1.25,5,4,7063.25,
0.51,5,6,1745.63,
0.73,3,4,2688.49,
0.41,2,7,1358.33,
1.23,5,6,7802.99,
0.55,5,7,2536.15,
0.58,3,3,972.54,
0.97,4,3,4253.61,
0.33,5,5,-222.71,
0.33,5,6,231.29,
0.41,5,4,-3.67,
0.27,5,7,180.51,
0.3,3,3,-1383.1,
0.52,5,6,1829.76,
0.42,5,7,1442.46,
1.01,2,2,4136.13,
0.39,5,7,1190.07,
0.43,3,3,-289.41,
0.72,5,6,3512.36,
0.23,3,7,-156.01,
0.79,3,4,3193.27,
0.35,5,8,1307.55,
0.24,3,6,-525.88,
0.68,3,6,3175.84,
1.02,3,4,5128.26,
0.71,5,2,1612.23,
0.76,4,7,4302.88,
0.41,5,6,904.33,
0.7,3,2,1528.1,
2.41,4,2,15914.33,
0.61,2,6,2586.93,
1,5,3,4506,
0.71,5,5,2974.23,
1.13,3,3,5599.69,
0.41,5,5,450.33,
0.76,3,3,2486.88,
0.97,5,1,3345.61,
0.62,4,1,401.06,
0.9,2,3,3664.7,
0.79,3,5,3647.27,
0.3,5,3,-1383.1,
0.31,5,7,517.03,
0.32,5,5,-306.84,
1.04,2,3,4842.52,
1.21,5,7,8088.73,
1.02,1,3,4674.26,
0.35,5,5,-54.45,
0.32,5,3,-1214.84,
1.02,4,4,5128.26,
0.36,4,2,-1332.32,
0.38,4,4,-256.06,
1.05,4,3,4926.65,
0.41,2,2,-911.67,
1.05,3,5,5834.65,
1.52,4,3,8880.76,
0.9,5,3,3664.7,
1.15,4,2,5313.95,
0.94,5,3,4001.22,
0.7,4,4,2436.1,
0.5,5,6,1661.5,
0.64,5,6,2839.32,
0.55,5,5,1628.15,
0.38,5,5,197.94,
0.53,5,5,1459.89,
1.68,2,1,9318.84,
1.22,4,3,6356.86,
2,1,2,12465,
1.01,4,2,4136.13,
0.9,5,2,3210.7,
0.26,5,4,-1265.62,
1.01,5,2,4136.13,
0.92,3,3,3832.96,
1.5,4,2,8258.5,
1.34,3,5,8274.42,
0.31,5,5,-390.97,
0.61,2,4,1678.93,
0.4,2,3,-541.8,
0.3,5,5,-475.1,
0.95,5,2,3631.35,
0.32,5,4,-760.84,
1.66,2,5,10966.58,
1.22,4,5,7264.86,
2.53,4,2,16923.89,
0.3,5,4,-929.1,
0.25,3,6,-441.75,
0.73,5,4,2688.49,
0.3,3,8,886.9,
1.31,4,2,6660.03,
1.01,3,5,5498.13,
0.41,3,5,450.33,
0.37,4,3,-794.19,
0.3,3,7,432.9,
0.51,4,5,1291.63,
2.56,2,2,17176.28,
0.38,4,3,-710.06,
0.38,3,4,-256.06,
0.58,5,5,1880.54,
0.74,5,2,1864.62,
0.31,5,3,-1298.97,
1,2,5,5414,
0.31,3,5,-390.97,
0.61,4,6,2586.93,
0.81,5,5,3815.53,
0.58,5,3,972.54,
0.38,3,5,197.94,
0.54,5,3,636.02,
0.57,3,5,1796.41,
1.01,4,3,4590.13,
0.57,1,4,1342.41,
0.73,4,3,2234.49,
1.18,5,2,5566.34,
0.31,5,8,971.03,
0.3,5,4,-929.1,
0.34,5,5,-138.58,
0.7,3,2,1528.1,
0.3,5,4,-929.1,
0.58,5,6,2334.54,
1.24,5,5,7433.12,
1.23,3,4,6894.99,
0.57,5,3,888.41,
0.32,5,7,601.16,
0.9,5,7,5480.7,
0.39,5,6,736.07,
0.8,5,3,2823.4,
1.14,5,4,6137.82,
0.72,3,4,2604.36,
0.31,5,5,-390.97,
0.54,5,3,636.02,
0.32,5,5,-306.84,
0.32,5,5,-306.84,
0.27,5,5,-727.49,
1.06,5,1,4102.78,
1.01,4,5,5498.13,
1.04,4,2,4388.52,
0.25,4,6,-441.75,
0.3,5,5,-475.1,
0.51,4,2,-70.37,
0.73,5,4,2688.49,
0.44,5,4,248.72,
0.33,3,3,-1130.71,
0.7,3,3,1982.1,
1,2,6,5868,
0.3,5,7,432.9,
0.76,4,2,2032.88,
0.79,5,3,2739.27,
0.76,5,5,3394.88,
0.51,5,4,837.63,
0.53,5,5,1459.89,
0.56,1,6,2166.28,
0.31,5,7,517.03,
0.41,4,4,-3.67,
0.54,5,5,1544.02,
1,3,3,4506,
1.01,3,3,4590.13,
1.65,5,4,10428.45,
0.24,5,8,382.12,
0.33,5,3,-1130.71,
0.78,5,5,3563.14,
1.01,3,5,5498.13,
0.74,3,2,1864.62,
0.51,4,4,837.63,
2.01,2,3,13003.13,
0.34,5,3,-1046.58,
1.23,5,3,6440.99,
0.39,5,6,736.07,
1.5,3,4,9166.5,
0.31,5,7,517.03,
0.34,5,5,-138.58,
0.34,5,8,1223.42,
0.33,5,4,-676.71,
0.3,5,3,-1383.1,
0.28,5,5,-643.36,
0.35,3,4,-508.45,
0.3,5,8,886.9,
1.4,5,3,7871.2,
0.35,4,3,-962.45,
0.42,4,3,-373.54,
1.75,5,3,10815.75,
0.42,5,2,-827.54,
1.26,5,4,7147.38,
1.25,5,4,7063.25,
1.01,4,3,4590.13,
0.23,2,7,-156.01,
1.15,5,4,6221.95,
1.02,4,2,4220.26,
0.39,5,8,1644.07,
0.37,4,7,1021.81,
0.9,2,3,3664.7,
0.27,3,7,180.51,
0.53,4,1,-356.11,
0.57,4,4,1342.41,
0.76,4,3,2486.88,
1.02,5,2,4220.26,
0.58,4,5,1880.54,
0.7,2,2,1528.1,
0.32,2,3,-1214.84,
0.72,3,5,3058.36,
0.73,4,5,3142.49,
1.02,3,5,5582.26,
0.4,3,5,366.2,
0.31,5,4,-844.97,
1.04,5,5,5750.52,
0.71,3,5,2974.23,
0.34,4,7,769.42,
0.3,3,7,432.9,
0.71,4,5,2974.23,
2.28,4,2,14820.64,
0.72,3,3,2150.36,
0.91,2,5,4656.83,
0.5,3,4,753.5,
0.91,4,2,3294.83,
0.3,5,5,-475.1,
0.41,4,2,-911.67,
0.71,4,7,3882.23,
0.92,2,3,3832.96,
0.3,5,5,-475.1,
0.7,4,3,1982.1,
2.36,4,2,15493.68,
0.35,5,8,1307.55,
0.7,5,4,2436.1,
0.81,5,5,3815.53,
0.53,5,2,97.89,
1.07,5,3,5094.91,
1.51,3,4,9250.63,
0.31,5,5,-390.97,
1.61,4,3,9637.93,
0.3,2,6,-21.1,
0.39,5,6,736.07,
0.43,5,6,1072.59,
1.04,4,3,4842.52,
0.35,5,5,-54.45,
1.02,3,3,4674.26,
0.92,5,5,4740.96,
0.9,3,4,4118.7,
0.59,3,3,1056.67,
1.09,5,3,5263.17,
0.5,5,5,1207.5,
0.81,4,2,2453.53,
0.54,2,4,1090.02,
0.52,5,5,1375.76,
0.92,4,2,3378.96,
2.12,3,2,13474.56,
2.01,2,2,12549.13,
1.2,3,6,7550.6,
1.18,4,2,5566.34,
0.61,5,4,1678.93,
1.06,3,5,5918.78,
0.42,4,7,1442.46,
0.51,4,5,1291.63,
0.3,5,7,432.9,
0.31,5,5,-390.97,
1.11,3,3,5431.43,
0.31,4,6,63.03,
0.72,5,5,3058.36,
0.76,3,3,2486.88,
0.35,4,5,-54.45,
0.8,2,5,3731.4,
1.02,4,2,4220.26,
0.7,5,3,1982.1,
1.13,5,5,6507.69,
1.01,1,2,4136.13,
0.57,3,3,888.41,
2.01,2,2,12549.13,
0.52,5,2,13.76,
1.51,2,3,8796.63,
1.64,5,6,11252.32,
0.8,1,2,2369.4,
0.3,2,5,-475.1,
0.43,5,8,1980.59,
0.32,5,5,-306.84,
0.31,5,4,-844.97,
2.16,5,2,13811.08,
0.6,5,5,2048.8,
1.25,3,3,6609.25,
1.71,4,3,10479.23,
0.42,5,6,988.46,
0.31,2,3,-1298.97,
0.9,2,3,3664.7,
0.31,2,6,63.03,
0.55,3,5,1628.15,
1.32,3,2,6744.16,
0.79,5,2,2285.27,
0.4,5,5,366.2,
0.31,5,7,517.03,
0.7,3,3,1982.1,
0.9,2,5,4572.7,
0.36,4,5,29.68,
0.51,3,5,1291.63,
0.34,5,3,-1046.58,
0.31,3,3,-1298.97,
0.41,4,5,450.33,
1.73,4,3,10647.49,
0.31,5,8,971.03,
0.28,5,6,-189.36,
0.32,3,3,-1214.84,
0.51,3,5,1291.63,
1.21,5,2,5818.73,
0.71,3,5,2974.23,
0.9,3,3,3664.7,
0.92,4,5,4740.96,
0.41,5,5,450.33,
1.11,4,2,4977.43,
0.58,4,5,1880.54,
0.25,3,5,-895.75,
1,2,2,4052,
1.01,3,4,5044.13,
0.37,3,7,1021.81,
1.15,5,7,7583.95,
1.2,5,4,6642.6,
1.5,2,4,9166.5,
1.5,5,4,9166.5,
0.84,2,3,3159.92,
0.51,4,6,1745.63,
1.54,5,2,8595.02,
0.35,2,4,-508.45,
1.01,4,5,5498.13,
1.11,3,7,7247.43,
1.16,4,7,7668.08,
1.01,1,3,4590.13,
1.26,5,3,6693.38,
1.03,5,7,6574.39,
0.53,5,5,1459.89,
0.3,5,4,-929.1,
1.06,4,2,4556.78,
1.22,4,4,6810.86,
0.39,3,4,-171.93,
0.7,3,5,2890.1,
1.5,4,3,8712.5,
0.72,3,3,2150.36,
1.03,5,3,4758.39,
0.31,2,3,-1298.97,
2.51,3,2,16755.63,
2.63,5,2,17765.19,
1.27,5,5,7685.51,
0.81,4,3,2907.53,
0.9,5,3,3664.7,
0.33,5,5,-222.71,
1.61,5,4,10091.93,
0.36,5,5,29.68,
1.3,4,3,7029.9,
0.9,1,5,4572.7,
1,2,3,4506,
1.52,3,2,8426.76,
0.55,3,5,1628.15,
1,3,4,4960,
0.34,4,7,769.42,
0.53,3,5,1459.89,
0.7,4,3,1982.1,
1.18,4,4,6474.34,
0.42,5,3,-373.54,
2.26,5,2,14652.38,
0.42,3,5,534.46,
0.73,5,4,2688.49,
0.31,5,5,-390.97,
0.74,5,4,2772.62,
1.31,4,3,7114.03,
1.01,2,5,5498.13,
0.4,4,3,-541.8,
0.4,3,5,366.2,
1.52,3,5,9788.76,
0.32,4,3,-1214.84,
0.3,5,3,-1383.1,
0.61,5,4,1678.93,
2,3,3,12919,
0.51,5,4,837.63,
0.7,5,3,1982.1,
0.91,3,2,3294.83,
0.71,3,6,3428.23,
0.42,5,5,534.46,
1.56,3,2,8763.28,
0.33,5,5,-222.71,
0.54,5,4,1090.02,
0.36,5,3,-878.32,
1.21,4,4,6726.73,
0.27,3,5,-727.49,
2.07,4,3,13507.91,
0.3,3,5,-475.1,
0.31,3,7,517.03,
1.51,4,3,8796.63,
0.41,4,2,-911.67,
0.43,5,3,-289.41,
2.02,4,2,12633.26,
0.71,3,4,2520.23,
0.25,5,5,-895.75,
0.3,5,7,432.9,
0.48,4,5,1039.24,
0.73,5,5,3142.49,
0.35,5,7,853.55,
0.73,4,2,1780.49,
0.72,5,6,3512.36,
0.6,3,2,686.8,
1.5,3,2,8258.5,
0.31,5,7,517.03,
1,2,3,4506,
0.78,2,4,3109.14,
1.76,5,4,11353.88,
0.9,4,3,3664.7,
1,2,5,5414,
0.7,4,3,1982.1,
0.41,4,6,904.33,
0.52,5,4,921.76,
0.64,4,2,1023.32,
0.91,4,3,3748.83,
0.51,5,5,1291.63,
0.3,2,6,-21.1,
0.47,2,4,501.11,
0.71,5,7,3882.23,
0.31,5,6,63.03,
0.3,5,6,-21.1,
1,4,3,4506,
0.33,5,5,-222.71,
1.04,4,2,4388.52,
0.71,3,5,2974.23,
1.05,3,2,4472.65,
0.42,5,7,1442.46,
0.33,3,8,1139.29,
0.32,4,5,-306.84,
1.01,2,2,4136.13,
0.5,5,7,2115.5,
0.3,4,4,-929.1,
0.53,5,5,1459.89,
1.04,5,3,4842.52,
0.7,5,4,2436.1,
0.36,4,5,29.68,
0.27,5,5,-727.49,
0.39,5,5,282.07,
0.68,5,4,2267.84,
0.7,5,5,2890.1,
0.31,5,8,971.03,
0.4,5,4,-87.8,
0.43,5,3,-289.41,
0.24,3,7,-71.88,
1,4,3,4506,
1.61,4,2,9183.93,
0.3,3,4,-929.1,
1,5,3,4506,
0.71,4,2,1612.23,
1.01,5,3,4590.13,
1,3,2,4052,
0.46,3,5,870.98,
0.92,2,4,4286.96,
1.61,4,3,9637.93,
0.31,3,6,63.03,
0.31,5,6,63.03,
0.77,5,5,3479.01,
1.2,3,3,6188.6,
0.78,5,3,2655.14,
0.4,5,2,-995.8,
0.56,5,4,1258.28,
0.31,4,8,971.03,
0.41,5,7,1358.33,
0.32,4,3,-1214.84,
0.38,5,4,-256.06,
0.3,5,5,-475.1,
1.25,5,5,7517.25,
1.79,4,4,11606.27,
0.43,5,5,618.59,
0.35,5,5,-54.45,
0.31,4,8,971.03,
0.71,4,3,2066.23,
0.51,1,3,383.63,
0.32,5,5,-306.84,
0.53,5,2,97.89,
1,3,2,4052,
0.7,5,3,1982.1,
1.7,3,2,9941.1,
1.17,5,5,6844.21,
0.8,3,5,3731.4,
0.38,4,3,-710.06,
0.3,5,2,-1837.1,
0.55,5,3,720.15,
0.7,1,4,2436.1,
0.31,5,5,-390.97,
2.01,3,1,12095.13,
0.63,5,2,939.19,
0.7,1,4,2436.1,
1.59,5,5,10377.67,
0.38,5,3,-710.06,
0.5,5,6,1661.5,
1,2,4,4960,
0.52,5,3,467.76,
0.31,5,5,-390.97,
0.41,4,5,450.33,
1.21,4,2,5818.73,
0.64,4,5,2385.32,
0.7,3,5,2890.1,
0.31,2,5,-390.97,
0.82,5,7,4807.66,
1.06,5,2,4556.78,
0.54,3,3,636.02,
1.52,3,2,8426.76,
1.5,3,6,10074.5,
0.59,3,4,1510.67,
1.17,3,3,5936.21,
0.8,5,3,2823.4,
1.03,4,2,4304.39,
0.51,5,7,2199.63,
0.73,5,2,1780.49,
0.51,5,3,383.63,
0.31,4,5,-390.97,
0.38,3,4,-256.06,
1.52,2,5,9788.76,
1.24,4,8,8795.12,
1.02,5,3,4674.26,
0.3,5,6,-21.1,
0.39,4,5,282.07,
0.76,2,5,3394.88,
0.52,4,5,1375.76,
1.02,4,5,5582.26,
0.4,5,5,366.2,
0.52,5,6,1829.76,
0.52,3,5,1375.76,
0.63,4,3,1393.19,
0.32,4,6,147.16,
0.4,4,6,820.2,
0.74,5,2,1864.62,
1.07,5,2,4640.91,
3.01,2,2,20962.13,
0.31,4,6,63.03,
0.54,5,7,2452.02,
0.7,3,3,1982.1,
2.48,4,3,16957.24,
0.3,5,5,-475.1,
0.9,2,2,3210.7,
0.33,4,7,685.29,
1.3,4,5,7937.9,
1.14,2,2,5229.82,
0.62,5,7,3125.06,
0.31,4,4,-844.97,
0.3,5,8,886.9,
1.02,5,3,4674.26,
0.53,5,5,1459.89,
1.08,4,2,4725.04,
1.01,4,2,4136.13,
1.13,1,2,5145.69,
1.7,5,5,11303.1,
0.42,5,4,80.46,
1.08,5,4,5633.04,
0.77,4,5,3479.01,
1.11,5,5,6339.43,
1.12,5,2,5061.56,
1.2,4,4,6642.6,
1.02,3,4,5128.26,
0.33,5,6,231.29,
0.31,3,7,517.03,
1.25,4,3,6609.25,
1.25,4,5,7517.25,
0.3,5,6,-21.1,
1.11,5,5,6339.43,
0.61,5,5,2132.93,
1.26,3,3,6693.38,
0.32,5,3,-1214.84,
1.5,4,4,9166.5,
0.39,5,3,-625.93,
1.73,4,2,10193.49,
1,5,2,4052,
2.39,3,4,16654.07,
1.52,4,3,8880.76,
0.33,5,2,-1584.71,
0.31,5,7,517.03,
1.2,3,3,6188.6,
0.36,5,6,483.68,
0.31,5,5,-390.97,
0.37,5,5,113.81,
2.59,5,4,18336.67,
0.56,5,5,1712.28,
1.01,4,3,4590.13,
0.71,5,3,2066.23,
0.4,3,2,-995.8,
1.02,5,3,4674.26,
0.38,3,2,-1164.06,
1.01,4,2,4136.13,
0.84,5,5,4067.92,
0.83,4,3,3075.79,
0.31,4,6,63.03,
2.01,4,2,12549.13,
0.43,5,7,1526.59,
0.34,5,5,-138.58,
0.33,5,4,-676.71,
1,3,2,4052,
0.28,5,3,-1551.36,
0.4,5,6,820.2,
1.08,5,3,5179.04,
1.19,1,3,6104.47,
1.51,3,4,9250.63,
0.91,3,2,3294.83,
0.43,4,5,618.59,
1.01,5,5,5498.13,
0.53,5,5,1459.89,
0.33,3,7,685.29,
1.11,4,2,4977.43,
1.02,4,4,5128.26,
1.01,4,3,4590.13,
0.9,4,3,3664.7,
1.03,5,6,6120.39,
0.42,5,6,988.46,
0.51,5,4,837.63,
0.71,5,6,3428.23,
1.6,5,5,10461.8,
0.64,3,5,2385.32,
1.07,4,3,5094.91,
0.63,5,3,1393.19,
0.43,4,5,618.59,
0.34,4,5,-138.58,
0.3,2,4,-929.1,
1,3,3,4506,
1.01,3,5,5498.13,
1.23,2,3,6440.99,
1.02,4,3,4674.26,
2.01,1,2,12549.13,
0.82,5,2,2537.66,
0.32,5,5,-306.84,
0.71,4,3,2066.23,
0.4,3,2,-995.8,
0.4,3,8,1728.2,
0.51,5,5,1291.63,
0.32,2,5,-306.84,
0.42,5,6,988.46,
0.32,3,4,-760.84,
1.66,4,6,11420.58,
1.56,3,3,9217.28,
1.5,3,1,7804.5,
0.31,5,8,971.03,
0.7,2,5,2890.1,
0.7,5,3,1982.1,
0.72,5,2,1696.36,
0.52,5,2,13.76,
0.41,3,7,1358.33,
0.9,3,4,4118.7,
2.06,5,5,14331.78,
0.72,5,4,2604.36,
0.38,4,5,197.94,
0.51,5,5,1291.63,
0.31,4,7,517.03,
0.71,3,3,2066.23,
2.22,5,5,15677.86,
1.24,5,6,7887.12,
1.02,4,5,5582.26,
0.78,5,6,4017.14,
0.34,2,3,-1046.58,
1.25,4,2,6155.25,
0.71,5,4,2520.23,
0.7,4,3,1982.1,
0.3,4,5,-475.1,
1.03,5,3,4758.39,
0.53,5,5,1459.89,
0.4,4,6,820.2,
0.57,4,4,1342.41,
1.01,1,3,4590.13,
0.71,2,4,2520.23,
1.21,5,4,6726.73,
1.54,4,2,8595.02,
0.32,4,4,-760.84,
0.93,4,5,4825.09,
0.71,4,5,2974.23,
2.33,5,5,16603.29,
0.52,4,3,467.76,
2.01,4,2,12549.13,
0.53,5,5,1459.89,
0.57,4,5,1796.41,
0.58,2,3,972.54,
0.31,4,5,-390.97,
0.31,2,7,517.03,
0.34,5,5,-138.58,
1.01,2,2,4136.13,
1.08,5,4,5633.04,
0.33,5,4,-676.71,
1.11,3,4,5885.43,
0.3,5,5,-475.1,
1.01,3,4,5044.13,
1.73,2,1,9739.49,
1.5,4,2,8258.5,
1.02,4,7,6490.26,
0.34,5,8,1223.42,
1.04,2,2,4388.52,
0.5,5,5,1207.5,
0.41,5,5,450.33,
1.02,4,3,4674.26,
0.5,4,4,753.5,
0.66,5,3,1645.58,
0.42,4,7,1442.46,
0.3,3,5,-475.1,
1.01,3,2,4136.13,
0.7,1,2,1528.1,
0.45,2,7,1694.85,
1.01,5,4,5044.13,
0.74,1,3,2318.62,
1.45,1,2,7837.85,
0.3,5,3,-1383.1,
1.62,5,5,10630.06,
0.9,2,2,3210.7,
0.31,4,5,-390.97,
1.03,4,1,3850.39,
0.3,4,5,-475.1,
0.25,3,6,-441.75,
0.31,4,4,-844.97,
1,4,2,4052,
0.9,3,2,3210.7,
1,3,3,4506,
0.5,3,3,299.5,
1.91,5,2,11707.83,
0.5,4,4,753.5,
1.03,5,2,4304.39,
1.1,3,4,5801.3,
1.51,5,2,8342.63,
0.67,5,2,1275.71,
1.35,1,3,7450.55,
1.02,3,6,6036.26,
0.31,3,7,517.03,
0.79,3,5,3647.27,
0.3,5,6,-21.1,
0.52,3,4,921.76,
0.33,3,5,-222.71,
1.2,5,5,7096.6,
0.78,4,2,2201.14,
0.41,5,6,904.33,
0.4,4,3,-541.8,
0.42,5,5,534.46,
0.52,3,6,1829.76,
0.76,5,2,2032.88,
1.11,4,2,4977.43,
1.04,5,7,6658.52,
0.41,3,6,904.33,
0.33,5,6,231.29,
0.3,5,3,-1383.1,
0.32,4,5,-306.84,
0.34,2,3,-1046.58,
0.56,4,7,2620.28,
0.7,4,2,1528.1,
0.33,4,8,1139.29,
0.26,4,7,96.38,
1,2,2,4052,
0.35,5,7,853.55,
1.01,4,3,4590.13,
2.04,4,3,13255.52,
0.55,5,2,266.15,
0.26,3,4,-1265.62,
0.41,3,4,-3.67,
0.41,5,6,904.33,
0.32,5,4,-760.84,
0.36,5,5,29.68,
0.73,3,2,1780.49,
0.33,4,8,1139.29,
0.72,3,6,3512.36,
0.4,2,3,-541.8,
1.28,5,7,8677.64,
0.38,5,7,1105.94,
1.24,5,5,7433.12,
1.5,2,2,8258.5,
1.5,2,3,8712.5,
2.01,5,3,13003.13,
1.1,5,4,5801.3,
0.5,2,5,1207.5,
1.5,4,3,8712.5,
1.5,4,6,10074.5,
1.06,5,6,6372.78,
0.56,3,6,2166.28,
0.95,2,2,3631.35,
0.31,4,7,517.03,
1.05,3,3,4926.65,
2.01,5,2,12549.13,
0.31,3,3,-1298.97,
0.56,5,4,1258.28,
0.3,5,5,-475.1,
0.7,5,6,3344.1,
1.5,3,2,8258.5,
0.38,5,7,1105.94,
0.3,3,3,-1383.1,
0.71,4,2,1612.23,
1,5,3,4506,
1.22,4,3,6356.86,
1.51,5,6,10158.63,
2.01,5,3,13003.13,
0.36,4,6,483.68,
0.42,5,4,80.46,
0.91,4,5,4656.83,
1.29,2,5,7853.77,
1.01,3,3,4590.13,
1.63,5,1,8898.19,
2,2,3,12919,
2.53,4,3,17377.89,
1.03,1,3,4758.39,
0.35,5,8,1307.55,
1.02,2,2,4220.26,
1.51,4,1,7888.63,
1.56,5,4,9671.28,
0.23,3,7,-156.01,
0.66,2,4,2099.58,
0.91,4,5,4656.83,
0.31,3,3,-1298.97,
0.44,5,6,1156.72,
0.4,2,3,-541.8,
0.9,3,3,3664.7,
0.59,3,4,1510.67,
0.41,5,6,904.33,
1.01,3,4,5044.13,
0.52,3,3,467.76,
0.37,4,3,-794.19,
1.51,4,3,8796.63,
2.01,3,3,13003.13,
2.05,4,2,12885.65,
1.21,4,3,6272.73,
1.01,3,4,5044.13,
0.23,2,6,-610.01,
1.5,1,1,7804.5,
0.73,5,4,2688.49,
0.73,3,5,3142.49,
0.56,1,3,804.28,
0.33,4,4,-676.71,
1.71,5,3,10479.23,
2.15,5,2,13726.95,
1.31,5,3,7114.03,
0.9,2,3,3664.7,
0.38,5,4,-256.06,
0.4,4,7,1274.2,
1.03,3,4,5212.39,
0.39,3,7,1190.07,
0.42,5,5,534.46,
0.58,5,2,518.54,
1,1,2,4052,
0.31,3,4,-844.97,
1.5,4,2,8258.5,
0.7,2,6,3344.1,
1.5,4,3,8712.5,
1.5,3,3,8712.5,
1.55,5,5,10041.15,
0.33,4,4,-676.71,
1.23,5,5,7348.99,
0.57,3,3,888.41,
1.72,4,1,9655.36,
1,4,4,4960,
1.28,5,1,5953.64,
0.38,5,5,197.94,
0.9,3,2,3210.7,
1.51,3,6,10158.63,
0.52,4,3,467.76,
0.31,5,7,517.03,
0.28,3,6,-189.36,
0.7,3,3,1982.1,
1.51,3,5,9704.63,
1.05,3,8,7196.65,
1,4,6,5868,
1.51,3,6,10158.63,
1.21,3,3,6272.73,
0.34,5,4,-592.58,
0.9,4,3,3664.7,
1.3,5,3,7029.9,
0.42,5,4,80.46,
0.74,5,3,2318.62,
1.02,5,4,5128.26,
0.3,5,5,-475.1,
0.4,3,6,820.2,
0.3,4,3,-1383.1,
0.3,5,5,-475.1,
2.01,1,2,12549.13,
1.35,4,5,8358.55,
1.03,5,2,4304.39,
1.01,2,3,4590.13,
0.71,3,5,2974.23,
0.38,5,7,1105.94,
0.5,2,2,-154.5,
0.54,4,4,1090.02,
0.73,5,7,4050.49,
1.01,1,2,4136.13,
0.51,4,5,1291.63,
1.01,2,5,5498.13,
2.03,4,4,13625.39,
0.34,5,6,315.42,
0.54,5,6,1998.02,
0.7,2,4,2436.1,
1.52,2,3,8880.76,
0.31,5,3,-1298.97,
0.4,3,7,1274.2,
0.5,4,3,299.5,
1.02,3,2,4220.26,
0.5,3,4,753.5,
1.21,3,3,6272.73,
0.54,2,4,1090.02,
1.01,5,3,4590.13,
0.32,5,5,-306.84,
0.9,4,5,4572.7,
1.5,5,6,10074.5,
0.33,4,7,685.29,
0.5,3,5,1207.5,
0.71,5,2,1612.23,
0.72,4,5,3058.36,
1.08,3,2,4725.04,
0.55,5,3,720.15,
0.33,4,5,-222.71,
0.3,3,6,-21.1,
0.41,5,7,1358.33,
0.35,4,3,-962.45,
1.51,3,4,9250.63,
0.82,2,3,2991.66,
1.18,4,3,6020.34,
0.4,4,4,-87.8,
0.31,5,5,-390.97,
0.3,4,3,-1383.1,
2.05,4,2,12885.65,
0.7,3,3,1982.1,
0.42,3,3,-373.54,
1.06,5,2,4556.78,
0.29,3,6,-105.23,
0.73,5,4,2688.49,
1.03,3,3,4758.39,
0.74,5,3,2318.62,
1.18,4,1,5112.34,
0.9,4,4,4118.7,
1.41,4,3,7955.33,
1.03,5,6,6120.39,
1.02,4,5,5582.26,
0.7,5,2,1528.1,
0.32,5,5,-306.84,
0.43,5,7,1526.59,
0.5,3,2,-154.5,
0.28,3,6,-189.36,
0.36,5,5,29.68,
1.51,3,3,8796.63,
0.52,5,5,1375.76,
1.05,5,3,4926.65,
0.34,3,3,-1046.58,
0.4,5,5,366.2,
2.14,5,2,13642.82,
2,4,4,13373,
0.92,4,2,3378.96,
1.55,4,2,8679.15,
1.04,5,5,5750.52,
1.02,5,3,4674.26,
2.01,3,3,13003.13,
1.51,1,5,9704.63,
0.3,5,6,-21.1,
1.01,5,5,5498.13,
1.05,4,4,5380.65,
1.22,5,6,7718.86,
0.75,4,3,2402.75,
0.44,5,3,-205.28,
0.33,5,4,-676.71,
0.72,5,5,3058.36,
0.81,4,2,2453.53,
0.3,5,3,-1383.1,
0.7,3,3,1982.1,
1.72,4,3,10563.36,
1,4,3,4506,
0.3,3,3,-1383.1,
0.28,5,6,-189.36,
0.72,3,4,2604.36,
0.31,4,3,-1298.97,
1.54,4,2,8595.02,
0.31,5,3,-1298.97,
0.37,4,6,567.81,
0.38,5,5,197.94,
0.9,1,1,2756.7,
1,4,3,4506,
0.33,3,7,685.29,
1.03,3,2,4304.39,
0.42,3,2,-827.54,
0.62,5,6,2671.06,
0.9,5,3,3664.7,
1.18,3,2,5566.34,
0.41,5,5,450.33,
0.25,3,6,-441.75,
0.36,4,2,-1332.32,
0.51,5,2,-70.37,
1.19,4,5,7012.47,
0.5,4,3,299.5,
0.41,3,2,-911.67,
1.5,4,5,9620.5,
0.51,3,3,383.63,
0.7,5,7,3798.1,
0.36,5,3,-878.32,
0.77,4,3,2571.01,
0.7,2,2,1528.1,
0.46,5,2,-491.02,
0.95,2,6,5447.35,
0.83,5,4,3529.79,
0.7,3,4,2436.1,
1.14,3,2,5229.82,
1.18,2,2,5566.34,
0.33,5,7,685.29,
0.23,5,2,-2426.01,
0.92,5,2,3378.96,
0.33,5,3,-1130.71,
1.05,3,7,6742.65,
0.52,5,5,1375.76,
1.18,4,5,6928.34,
1.07,4,5,6002.91,
1.02,3,5,5582.26,
1.52,4,4,9334.76,
0.31,5,4,-844.97,
1.2,4,3,6188.6,
0.32,4,3,-1214.84,
0.7,4,5,2890.1,
0.35,5,5,-54.45,
0.51,5,4,837.63,
1.05,5,3,4926.65,
0.35,5,3,-962.45,
0.31,4,5,-390.97,
0.3,5,8,886.9,
0.61,5,6,2586.93,
0.6,4,3,1140.8,
0.35,3,5,-54.45,
0.51,5,4,837.63,
0.71,5,4,2520.23,
1.11,4,3,5431.43,
0.33,5,6,231.29,
0.7,5,5,2890.1,
1.2,5,6,7550.6,
0.31,5,3,-1298.97,
0.36,5,3,-878.32,
0.91,3,3,3748.83,
1,3,5,5414,
0.9,3,4,4118.7,
0.52,4,7,2283.76,
1.06,5,6,6372.78,
0.31,2,5,-390.97,
0.7,5,3,1982.1,
1.23,5,2,5986.99,
0.52,5,5,1375.76,
0.31,4,5,-390.97,
1,3,8,6776,
0.3,3,4,-929.1,
1.27,5,3,6777.51,
0.26,5,4,-1265.62,
0.71,4,3,2066.23,
0.5,2,3,299.5,
0.34,4,4,-592.58,
1.02,4,5,5582.26,
1.51,3,4,9250.63,
1.08,3,7,6995.04,
1.16,1,2,5398.08,
0.91,3,5,4656.83,
1.33,4,2,6828.29,
0.92,3,3,3832.96,
0.46,5,8,2232.98,
0.33,4,4,-676.71,
1.01,4,2,4136.13,
1.04,4,2,4388.52,
0.73,5,6,3596.49,
0.42,4,5,534.46,
0.46,1,4,416.98,
0.78,1,2,2201.14,
1,4,5,5414,
0.71,5,8,4336.23,
0.33,4,5,-222.71,
0.71,4,3,2066.23,
0.91,4,2,3294.83,
2.23,4,5,15761.99,
0.7,5,5,2890.1,
1.13,4,4,6053.69,
1.75,5,5,11723.75,
1.21,4,3,6272.73,
0.7,3,5,2890.1,
1.01,2,3,4590.13,
0.36,5,5,29.68,
0.72,3,2,1696.36,
1.62,3,5,10630.06,
1.19,5,6,7466.47,
1.01,3,3,4590.13,
0.7,4,4,2436.1,
1.03,5,5,5666.39,
0.54,1,3,636.02,
0.9,3,2,3210.7,
0.4,5,8,1728.2,
0.51,4,5,1291.63,
0.53,4,5,1459.89,
0.5,4,5,1207.5,
0.36,5,3,-878.32,
0.64,2,3,1477.32,
0.9,5,7,5480.7,
0.35,5,3,-962.45,
0.3,2,6,-21.1,
1,4,3,4506,
0.59,5,3,1056.67,
0.71,2,2,1612.23,
0.7,3,4,2436.1,
0.31,4,3,-1298.97,
1.57,5,3,9301.41,
0.9,5,3,3664.7,
0.59,5,3,1056.67,
0.26,3,4,-1265.62,
0.41,5,6,904.33,
0.4,3,4,-87.8,
0.53,3,5,1459.89,
0.7,5,3,1982.1,
0.32,4,3,-1214.84,
0.7,2,4,2436.1,
0.7,3,5,2890.1,
0.9,2,3,3664.7,
0.33,4,5,-222.71,
1.15,2,2,5313.95,
1.01,3,5,5498.13,
0.32,5,8,1055.16,
2.33,3,2,15241.29,
0.79,3,3,2739.27,
1.21,5,3,6272.73,
0.75,3,3,2402.75,
0.4,5,3,-541.8,
1.23,2,4,6894.99,
1.08,4,3,5179.04,
0.28,3,4,-1097.36,
0.54,3,5,1544.02,
1.09,4,5,6171.17,
0.28,3,6,-189.36,
1.2,4,2,5734.6,
1,5,3,4506,
0.36,5,3,-878.32,
0.6,3,3,1140.8,
1.71,4,3,10479.23,
0.33,5,5,-222.71,
0.3,5,7,432.9,
0.71,5,2,1612.23,
0.31,5,8,971.03,
0.32,5,6,147.16,
0.66,5,3,1645.58,
1.5,2,2,8258.5,
0.38,4,5,197.94,
1.22,4,5,7264.86,
1.53,3,4,9418.89,
0.3,5,3,-1383.1,
1.79,4,5,12060.27,
1.02,5,1,3766.26,
0.3,5,6,-21.1,
0.75,5,3,2402.75,
0.54,5,3,636.02,
0.7,1,2,1528.1,
1.25,5,3,6609.25,
0.82,5,3,2991.66,
1.01,3,5,5498.13,
1.15,3,2,5313.95,
1.67,5,5,11050.71,
1.01,3,5,5498.13,
0.39,3,5,282.07,
1.22,5,4,6810.86,
1.01,2,3,4590.13,
2,3,5,13827,
0.54,5,5,1544.02,
0.9,4,3,3664.7,
0.32,3,3,-1214.84,
0.54,3,3,636.02,
0.5,4,3,299.5,
1.51,4,6,10158.63,
1.01,3,5,5498.13,
0.77,2,2,2117.01,
0.7,1,2,1528.1,
0.31,5,5,-390.97,
2.18,4,2,13979.34,
0.3,3,4,-929.1,
0.53,5,3,551.89,
0.9,3,3,3664.7,
1.13,5,3,5599.69,
0.4,4,2,-995.8,
0.5,3,5,1207.5,
0.37,5,7,1021.81,
1.12,3,5,6423.56,
1.28,5,3,6861.64,
0.66,3,7,3461.58,
0.71,2,3,2066.23,
0.4,4,4,-87.8,
1.28,5,3,6861.64,
0.42,4,2,-827.54,
1,3,2,4052,
0.41,4,4,-3.67,
0.52,3,4,921.76,
0.46,5,7,1778.98,
1.5,3,5,9620.5,
1.13,3,5,6507.69,
0.3,3,3,-1383.1,
2,3,2,12465,
1.68,5,5,11134.84,
0.3,5,3,-1383.1,
0.81,4,4,3361.53,
0.35,3,3,-962.45,
1.54,5,2,8595.02,
0.32,5,7,601.16,
0.9,5,3,3664.7,
0.79,5,4,3193.27,
0.5,5,2,-154.5,
1.09,5,3,5263.17,
0.33,3,5,-222.71,
0.38,2,5,197.94,
0.31,5,5,-390.97,
1.21,3,2,5818.73,
1.19,5,2,5650.47,
0.55,5,6,2082.15,
0.7,5,3,1982.1,
0.39,3,7,1190.07,
1.66,5,2,9604.58,
1.1,5,3,5347.3,
1.21,3,2,5818.73,
0.3,3,4,-929.1,
0.86,2,2,2874.18,
0.3,5,4,-929.1,
1.22,5,4,6810.86,
0.3,4,3,-1383.1,
1.2,5,4,6642.6,
0.31,5,7,517.03,
2.01,3,5,13911.13,
0.37,5,3,-794.19,
0.31,4,4,-844.97,
0.3,5,3,-1383.1,
0.31,5,6,63.03,
0.27,3,7,180.51,
0.32,5,6,147.16,
0.33,5,8,1139.29,
1.86,3,2,11287.18,
0.72,5,4,2604.36,
1.05,5,3,4926.65,
1.02,4,5,5582.26,
1.04,3,3,4842.52,
0.95,3,6,5447.35,
0.3,5,6,-21.1,
0.27,3,4,-1181.49,
0.32,4,5,-306.84,
1.28,5,3,6861.64,
1.31,4,3,7114.03,
0.3,4,3,-1383.1,
1.51,5,4,9250.63,
0.36,5,5,29.68,
0.73,4,3,2234.49,
0.33,5,8,1139.29,
1,4,2,4052,
0.31,5,8,971.03,
0.56,5,5,1712.28,
0.32,4,6,147.16,
1.53,4,7,10780.89,
0.52,3,3,467.76,
0.42,5,7,1442.46,
0.3,5,5,-475.1,
1,3,5,5414,
0.44,2,5,702.72,
1.01,2,5,5498.13,
0.31,5,4,-844.97,
2.28,4,2,14820.64,
0.5,4,5,1207.5,
0.5,5,6,1661.5,
0.36,3,3,-878.32,
0.7,5,3,1982.1,
0.4,4,2,-995.8,
0.52,2,5,1375.76,
1.02,5,2,4220.26,
0.76,3,6,3848.88,
2.03,5,2,12717.39,
1.51,4,5,9704.63,
0.61,3,3,1224.93,
1,4,5,5414,
1.07,4,2,4640.91,
1.21,3,4,6726.73,
0.46,1,4,416.98,
0.79,2,5,3647.27,
0.32,5,6,147.16,
0.4,5,5,366.2,
0.51,1,5,1291.63,
1.05,4,4,5380.65,
0.43,3,3,-289.41,
0.3,5,6,-21.1,
1.51,4,3,8796.63,
1.54,5,5,9957.02,
1.16,5,5,6760.08,
1.01,4,3,4590.13,
1.01,3,5,5498.13,
0.83,4,3,3075.79,
0.93,3,5,4825.09,
1.2,3,2,5734.6,
0.8,5,6,4185.4,
1.11,5,6,6793.43,
1.31,4,2,6660.03,
1.11,2,3,5431.43,
1.1,2,2,4893.3,
1.22,4,2,5902.86,
0.72,5,2,1696.36,
1.09,4,5,6171.17,
1.05,3,3,4926.65,
0.7,1,3,1982.1,
1.01,3,3,4590.13,
